Order_ID,Order_Date,Employee_ID,Employee_Name,City,Region,Product,Category,Quantity,Unit_Price,Sales_Amount,Target_Amount,Order_Status,Attendance_Status,Month,Month_No,Achievement_%,Variance
ORD10001,2025-07-12,EMP015,Sanjay Iyer,Chennai,South,Desk,Furniture,5,12592.91,62964.56,214079.52,Completed,Present,Jul-2025,7,0.2941176250768873,-151114.96
ORD10002,2025-06-27,EMP004,Priya Joshi,Mumbai,West,Desk,Furniture,3,11296.32,33888.95,101666.84,Completed,WFH,Jun-2025,6,0.3333333661201627,-67777.89
ORD10003,2025-10-09,EMP001,Amit Sharma,Pune,West,SSD,Electronics,6,5858.27,35149.61,93732.28,Completed,Present,Oct-2025,10,0.37500005334341596,-58582.67
ORD10004,2025-09-17,EMP016,Meera Krishnan,Chennai,South,Keyboard,Accessories,4,1786.61,7146.45,28585.79,Completed,Present,Sep-2025,9,0.2500000874560402,-21439.34
ORD10005,2025-04-21,EMP009,Karan Singh,Delhi,North,Office Chair,Furniture,2,9101.79,18203.59,81916.15,Completed,Present,Apr-2025,4,0.22222223578622777,-63712.56
ORD10006,2026-03-06,EMP015,Sanjay Iyer,Chennai,South,Office Chair,Furniture,4,8407.62,33630.48,84076.21,Pending,Present,Mar-2026,3,0.3999999524241162,-50445.73
ORD10007,2026-03-26,EMP004,Priya Joshi,Mumbai,West,Monitor,Electronics,6,14407.38,86444.27,244925.42,Completed,Present,Mar-2026,3,0.35294119328242857,-158481.15000000002
ORD10008,2025-11-04,EMP012,Kavita Mehta,Jaipur,North,Monitor,Electronics,2,15385.5,30771.0,230782.49,Completed,Present,Nov-2025,11,0.13333333911077916,-200011.49
ORD10009,2025-10-07,EMP008,Pooja Shinde,Aurangabad,Central,Printer,Office Equipment,5,11860.54,59302.68,142326.42,Completed,WFH,Oct-2025,10,0.4166667017971786,-83023.74000000002
ORD10010,2025-10-05,EMP013,Arjun Nair,Bengaluru,South,Router,Networking,5,5013.1,25065.49,40104.79,Completed,Present,Oct-2025,10,0.6249999064949598,-15039.3
ORD10011,2025-08-07,EMP012,Kavita Mehta,Jaipur,North,Desk,Furniture,7,13084.79,91593.52,104678.31,Completed,Present,Aug-2025,8,0.8749999880586533,-13084.789999999994
ORD10012,2025-12-17,EMP010,Anjali Verma,Delhi,North,Office Chair,Furniture,2,7827.28,15654.56,109581.92,Pending,Present,Dec-2025,12,0.14285714285714285,-93927.36
ORD10013,2025-05-03,EMP016,Meera Krishnan,Chennai,South,Office Chair,Furniture,7,8673.33,60713.29,104079.93,Completed,Present,May-2025,5,0.5833333093133326,-43366.63999999999
ORD10014,2025-05-05,EMP001,Amit Sharma,Pune,West,Keyboard,Accessories,5,1934.83,9674.17,19348.35,Completed,Present,May-2025,5,0.4999997415800314,-9674.179999999998
ORD10015,2025-12-11,EMP014,Divya Rao,Bengaluru,South,Office Chair,Furniture,3,8449.78,25349.34,143646.28,Completed,Present,Dec-2025,12,0.17647056366513633,-118296.94
ORD10016,2025-06-02,EMP007,Vikas Pawar,Nagpur,Central,Laptop,Electronics,4,52072.26,208289.04,572794.85,Pending,Present,Jun-2025,6,0.36363636998482096,-364505.80999999994
ORD10017,2025-11-23,EMP015,Sanjay Iyer,Chennai,South,Mouse,Accessories,5,868.16,4340.82,8681.64,Completed,Leave,Nov-2025,11,0.5,-4340.82
ORD10018,2025-05-15,EMP006,Sneha More,Nagpur,Central,Mouse,Accessories,6,1006.04,6036.25,17102.7,Completed,Present,May-2025,5,0.3529413484420588,-11066.45
ORD10019,2025-10-07,EMP001,Amit Sharma,Pune,West,Laptop,Electronics,1,52862.38,52862.38,845798.07,Completed,Leave,Oct-2025,10,0.06250000073894707,-792935.69
ORD10020,2026-03-25,EMP006,Sneha More,Nagpur,Central,Desk,Furniture,3,12189.17,36567.52,146270.1,Completed,Present,Mar-2026,3,0.2499999658166638,-109702.58000000002
ORD10021,2025-08-30,EMP015,Sanjay Iyer,Chennai,South,Headset,Accessories,1,2139.92,2139.92,17119.35,Completed,Present,Aug-2025,8,0.12500007301679095,-14979.429999999998
ORD10022,2026-01-20,EMP002,Neha Patil,Pune,West,Keyboard,Accessories,1,1667.98,1667.98,25019.7,Completed,Present,Jan-2026,1,0.06666666666666667,-23351.72
ORD10023,2025-08-08,EMP005,Rohan Kulkarni,Nashik,West,Laptop,Electronics,1,49042.3,49042.3,441380.69,Completed,Present,Aug-2025,8,0.11111111362846436,-392338.39
ORD10024,2025-10-15,EMP004,Priya Joshi,Mumbai,West,Office Chair,Furniture,3,8215.57,24646.71,65724.57,Completed,Present,Oct-2025,10,0.37499994294371186,-41077.86000000001
ORD10025,2025-07-07,EMP006,Sneha More,Nagpur,Central,Headset,Accessories,3,2303.31,6909.92,18426.46,Completed,Present,Jul-2025,7,0.37499986432554056,-11516.539999999999
ORD10026,2026-03-15,EMP003,Rahul Deshmukh,Mumbai,West,Mouse,Accessories,4,970.86,3883.45,9708.64,Completed,Present,Mar-2026,3,0.3999993819937705,-5825.19
ORD10027,2025-08-26,EMP007,Vikas Pawar,Nagpur,Central,Mouse,Accessories,1,973.15,973.15,13624.1,Pending,Present,Aug-2025,8,0.07142857142857142,-12650.95
ORD10028,2025-08-29,EMP010,Anjali Verma,Delhi,North,Keyboard,Accessories,7,1833.83,0.0,31175.19,Cancelled,Present,Aug-2025,8,0.0,-31175.19
ORD10029,2025-04-02,EMP001,Amit Sharma,Pune,West,Printer,Office Equipment,5,13235.93,66179.66,185303.04,Completed,Present,Apr-2025,4,0.3571428725616158,-119123.38
ORD10030,2026-01-29,EMP016,Meera Krishnan,Chennai,South,Keyboard,Accessories,4,1907.42,7629.66,28611.24,Pending,Present,Jan-2026,1,0.2666665268614712,-20981.58
ORD10031,2025-07-22,EMP008,Pooja Shinde,Aurangabad,Central,Mouse,Accessories,6,969.4,5816.38,9693.97,Completed,WFH,Jul-2025,7,0.5999997936861782,-3877.5899999999992
ORD10032,2025-08-31,EMP018,Isha Patel,Ahmedabad,West,Monitor,Electronics,2,14855.85,29711.69,237693.54,Completed,Present,Aug-2025,8,0.12499998948225517,-207981.85
ORD10033,2026-01-02,EMP016,Meera Krishnan,Chennai,South,Mouse,Accessories,7,978.28,6847.97,7826.25,Completed,Present,Jan-2026,1,0.8750001597188948,-978.2799999999997
ORD10034,2025-04-22,EMP014,Divya Rao,Bengaluru,South,Headset,Accessories,6,2135.67,12814.0,27763.67,Pending,Present,Apr-2025,4,0.4615384061257031,-14949.669999999998
ORD10035,2026-01-02,EMP001,Amit Sharma,Pune,West,Laptop,Electronics,5,48954.53,244772.67,489545.34,Completed,Present,Jan-2026,1,0.5,-244772.67
ORD10036,2025-04-17,EMP012,Kavita Mehta,Jaipur,North,Printer,Office Equipment,6,12082.86,72497.14,193325.71,Pending,Present,Apr-2025,4,0.3749999935342278,-120828.56999999999
ORD10037,2026-01-27,EMP003,Rahul Deshmukh,Mumbai,West,Laptop,Electronics,4,49556.04,198224.17,594672.5,Completed,Present,Jan-2026,1,0.3333333389386595,-396448.32999999996
ORD10038,2026-02-17,EMP018,Isha Patel,Ahmedabad,West,Router,Networking,2,5128.84,10257.68,87190.24,Pending,Present,Feb-2026,2,0.11764711279611112,-76932.56
ORD10039,2025-07-23,EMP015,Sanjay Iyer,Chennai,South,Headset,Accessories,7,2035.47,14248.31,34603.05,Pending,Present,Jul-2025,7,0.4117645698861805,-20354.740000000005
ORD10040,2026-01-24,EMP016,Meera Krishnan,Chennai,South,Office Chair,Furniture,5,8103.66,40518.3,137762.23,Completed,Leave,Jan-2026,1,0.2941176257091657,-97243.93000000001
ORD10041,2025-04-13,EMP007,Vikas Pawar,Nagpur,Central,Router,Networking,4,5009.73,20038.91,40077.82,Completed,Present,Apr-2025,4,0.5,-20038.91
ORD10042,2025-08-20,EMP012,Kavita Mehta,Jaipur,North,Keyboard,Accessories,7,1628.95,11402.63,14660.53,Completed,Present,Aug-2025,8,0.777777474620631,-3257.9000000000015
ORD10043,2026-03-08,EMP017,Nikhil Shah,Ahmedabad,West,Mouse,Accessories,2,995.66,1991.33,12943.64,Completed,Present,Mar-2026,3,0.15384621327540013,-10952.31
ORD10044,2025-12-20,EMP012,Kavita Mehta,Jaipur,North,Printer,Office Equipment,7,11442.03,80094.22,125862.35,Completed,Present,Dec-2025,12,0.6363636146949425,-45768.130000000005
ORD10045,2026-02-02,EMP016,Meera Krishnan,Chennai,South,Monitor,Electronics,4,14915.09,59660.37,149150.93,Completed,Present,Feb-2026,2,0.3999999865907642,-89490.56
ORD10046,2025-07-01,EMP005,Rohan Kulkarni,Nashik,West,SSD,Electronics,5,5944.62,29723.11,95113.94,Completed,Present,Jul-2025,7,0.3125000394263974,-65390.83
ORD10047,2025-07-31,EMP001,Amit Sharma,Pune,West,Monitor,Electronics,6,13295.01,79770.06,212720.15,Completed,Present,Jul-2025,7,0.37500001762879537,-132950.09
ORD10048,2025-12-28,EMP007,Vikas Pawar,Nagpur,Central,Printer,Office Equipment,6,12892.59,77355.53,128925.88,Completed,Present,Dec-2025,12,0.6000000155127891,-51570.350000000006
ORD10049,2025-06-25,EMP014,Divya Rao,Bengaluru,South,Printer,Office Equipment,7,11341.64,79391.48,124758.04,Completed,Present,Jun-2025,6,0.6363636363636364,-45366.56
ORD10050,2026-03-07,EMP007,Vikas Pawar,Nagpur,Central,Mouse,Accessories,1,934.46,934.46,11213.51,Completed,Present,Mar-2026,3,0.08333340764845262,-10279.05
ORD10051,2026-02-19,EMP004,Priya Joshi,Mumbai,West,Monitor,Electronics,4,14027.74,56110.96,238471.56,Pending,Present,Feb-2026,2,0.23529413738057486,-182360.6
ORD10052,2026-02-19,EMP013,Arjun Nair,Bengaluru,South,Mouse,Accessories,7,1016.47,7115.27,11181.14,Completed,Present,Feb-2026,2,0.6363635550578922,-4065.869999999999
ORD10053,2025-05-03,EMP001,Amit Sharma,Pune,West,Keyboard,Accessories,3,1925.03,5775.1,19250.35,Pending,Present,May-2025,5,0.29999974026446274,-13475.249999999998
ORD10054,2025-05-13,EMP012,Kavita Mehta,Jaipur,North,Monitor,Electronics,5,13296.5,66482.48,132964.96,Completed,Present,May-2025,5,0.5,-66482.48
ORD10055,2025-07-02,EMP010,Anjali Verma,Delhi,North,SSD,Electronics,6,6802.93,40817.57,108846.85,Completed,Present,Jul-2025,7,0.37500001148402545,-68029.28
ORD10056,2025-07-23,EMP013,Arjun Nair,Bengaluru,South,Desk,Furniture,4,12190.38,48761.51,195046.06,Completed,Present,Jul-2025,7,0.2499999743650295,-146284.55
ORD10057,2025-10-09,EMP003,Rahul Deshmukh,Mumbai,West,Laptop,Electronics,3,50662.1,151986.3,455958.91,Completed,Present,Oct-2025,10,0.333333326022733,-303972.61
ORD10058,2025-08-29,EMP005,Rohan Kulkarni,Nashik,West,Laptop,Electronics,7,53828.15,376797.07,861250.45,Completed,Present,Aug-2025,8,0.437499997822933,-484453.37999999995
ORD10059,2025-06-01,EMP016,Meera Krishnan,Chennai,South,Router,Networking,6,4577.16,27462.94,45771.57,Completed,Present,Jun-2025,6,0.5999999563047542,-18308.63
ORD10060,2025-11-19,EMP012,Kavita Mehta,Jaipur,North,Router,Networking,7,5146.68,36026.73,56613.44,Completed,Present,Nov-2025,11,0.6363635560743174,-20586.71
ORD10061,2025-06-08,EMP003,Rahul Deshmukh,Mumbai,West,Router,Networking,4,4901.06,19604.22,53911.62,Pending,Present,Jun-2025,6,0.36363626246067177,-34307.4
ORD10062,2025-05-09,EMP013,Arjun Nair,Bengaluru,South,Printer,Office Equipment,2,13442.06,26884.12,228514.99,Completed,Leave,May-2025,5,0.11764707426851954,-201630.87
ORD10063,2025-11-21,EMP011,Manish Kumar,Jaipur,North,Monitor,Electronics,7,13423.21,93962.46,228194.54,Pending,Leave,Nov-2025,11,0.4117647161934725,-134232.08000000002
ORD10064,2025-11-16,EMP007,Vikas Pawar,Nagpur,Central,Desk,Furniture,2,12142.47,24284.93,206421.92,Completed,Present,Nov-2025,11,0.11764705027450573,-182136.99000000002
ORD10065,2026-03-05,EMP008,Pooja Shinde,Aurangabad,Central,Laptop,Electronics,6,54407.8,0.0,761709.26,Cancelled,Present,Mar-2026,3,0.0,-761709.26
ORD10066,2025-06-09,EMP012,Kavita Mehta,Jaipur,North,Headset,Accessories,7,2147.99,15035.94,36515.86,Completed,Present,Jun-2025,6,0.41176464144620994,-21479.92
ORD10067,2025-09-20,EMP013,Arjun Nair,Bengaluru,South,Monitor,Electronics,4,14541.54,58166.18,159956.99,Completed,Present,Sep-2025,9,0.3636363750030555,-101790.81
ORD10068,2026-03-27,EMP007,Vikas Pawar,Nagpur,Central,Laptop,Electronics,3,52260.33,156780.99,836165.31,Completed,Present,Mar-2026,3,0.1874999932728613,-679384.3200000001
ORD10069,2026-02-06,EMP001,Amit Sharma,Pune,West,Headset,Accessories,5,2361.44,11807.18,28337.23,Completed,Leave,Feb-2026,2,0.41666669607438694,-16530.05
ORD10070,2025-12-08,EMP005,Rohan Kulkarni,Nashik,West,Mouse,Accessories,3,973.92,2921.75,15582.64,Completed,Present,Dec-2025,12,0.18750032086989113,-12660.89
ORD10071,2025-04-14,EMP015,Sanjay Iyer,Chennai,South,Laptop,Electronics,5,53323.22,266616.09,533232.19,Pending,Present,Apr-2025,4,0.49999999062322187,-266616.0999999999
ORD10072,2025-04-12,EMP010,Anjali Verma,Delhi,North,Desk,Furniture,6,12275.23,73651.37,147302.73,Completed,Present,Apr-2025,4,0.5000000339437022,-73651.36000000002
ORD10073,2025-06-29,EMP008,Pooja Shinde,Aurangabad,Central,SSD,Electronics,4,6532.88,0.0,78394.53,Cancelled,WFH,Jun-2025,6,0.0,-78394.53
ORD10074,2025-08-23,EMP009,Karan Singh,Delhi,North,Laptop,Electronics,5,54417.12,272085.61,544171.21,Pending,WFH,Aug-2025,8,0.5000000091882847,-272085.6
ORD10075,2025-12-12,EMP005,Rohan Kulkarni,Nashik,West,Router,Networking,2,4391.49,8782.99,39523.45,Completed,Present,Dec-2025,12,0.22222225033492776,-30740.46
ORD10076,2026-01-14,EMP001,Amit Sharma,Pune,West,Monitor,Electronics,7,13442.59,94098.12,161311.06,Completed,Present,Jan-2026,1,0.5833333436653383,-67212.94
ORD10077,2026-02-09,EMP017,Nikhil Shah,Ahmedabad,West,Laptop,Electronics,2,47144.65,94289.31,377157.22,Completed,Present,Feb-2026,2,0.2500000132570709,-282867.91
ORD10078,2025-10-14,EMP005,Rohan Kulkarni,Nashik,West,Headset,Accessories,3,2199.95,6599.85,26399.41,Completed,Present,Oct-2025,10,0.24999990530091393,-19799.559999999998
ORD10079,2025-06-22,EMP017,Nikhil Shah,Ahmedabad,West,Printer,Office Equipment,6,11711.35,70268.11,93690.82,Pending,Present,Jun-2025,6,0.7499999466329785,-23422.710000000006
ORD10080,2026-01-13,EMP002,Neha Patil,Pune,West,Desk,Furniture,7,12761.04,89327.28,114849.36,Completed,Present,Jan-2026,1,0.7777777777777778,-25522.08
ORD10081,2026-01-31,EMP012,Kavita Mehta,Jaipur,North,Laptop,Electronics,6,55860.23,335161.41,893763.75,Completed,Present,Jan-2026,1,0.37500000419573964,-558602.3400000001
ORD10082,2025-10-24,EMP005,Rohan Kulkarni,Nashik,West,Printer,Office Equipment,6,12834.18,77005.08,128341.79,Pending,Present,Oct-2025,10,0.6000000467501662,-51336.70999999999
ORD10083,2025-11-12,EMP006,Sneha More,Nagpur,Central,Monitor,Electronics,2,14711.64,29423.28,147116.42,Pending,Present,Nov-2025,11,0.19999997281064885,-117693.14000000001
ORD10084,2025-09-13,EMP001,Amit Sharma,Pune,West,Desk,Furniture,7,12142.22,84995.55,169991.1,Completed,Present,Sep-2025,9,0.5,-84995.55
ORD10085,2026-01-10,EMP004,Priya Joshi,Mumbai,West,SSD,Electronics,1,6425.78,6425.78,70683.54,Completed,WFH,Jan-2026,1,0.09090914235478302,-64257.759999999995
ORD10086,2025-05-23,EMP002,Neha Patil,Pune,West,Keyboard,Accessories,7,1661.76,11632.3,23264.6,Completed,Present,May-2025,5,0.5,-11632.3
ORD10087,2025-04-08,EMP004,Priya Joshi,Mumbai,West,Desk,Furniture,4,12027.75,48111.01,120277.51,Pending,Present,Apr-2025,4,0.40000004988463767,-72166.5
ORD10088,2025-09-07,EMP018,Isha Patel,Ahmedabad,West,SSD,Electronics,3,5897.82,17693.45,70773.8,Completed,Present,Sep-2025,9,0.25,-53080.350000000006
ORD10089,2025-04-22,EMP006,Sneha More,Nagpur,Central,Laptop,Electronics,5,51112.89,255564.45,868919.12,Pending,Present,Apr-2025,4,0.2941176504436915,-613354.6699999999
ORD10090,2025-11-04,EMP013,Arjun Nair,Bengaluru,South,Router,Networking,2,5010.69,10021.38,80171.05,Completed,Present,Nov-2025,11,0.12499998440833691,-70149.67
ORD10091,2025-07-16,EMP016,Meera Krishnan,Chennai,South,Laptop,Electronics,2,54927.3,109854.6,823909.48,Completed,Present,Jul-2025,7,0.13333333656993485,-714054.88
ORD10092,2025-10-24,EMP015,Sanjay Iyer,Chennai,South,Desk,Furniture,6,11781.26,70687.57,164937.67,Completed,Present,Oct-2025,10,0.42857141124886755,-94250.1
ORD10093,2025-09-01,EMP014,Divya Rao,Bengaluru,South,Desk,Furniture,3,12855.04,38565.11,179970.51,Completed,Present,Sep-2025,9,0.21428571825461848,-141405.40000000002
ORD10094,2025-12-30,EMP006,Sneha More,Nagpur,Central,Keyboard,Accessories,3,1698.56,5095.68,27176.97,Completed,Present,Dec-2025,12,0.18749993100776136,-22081.29
ORD10095,2025-05-09,EMP017,Nikhil Shah,Ahmedabad,West,Office Chair,Furniture,6,8151.07,48906.43,130417.14,Pending,Present,May-2025,5,0.3750000191692595,-81510.70999999999
ORD10096,2025-06-07,EMP010,Anjali Verma,Delhi,North,Keyboard,Accessories,1,1781.5,1781.5,19596.45,Completed,Present,Jun-2025,6,0.09090932286204899,-17814.95
ORD10097,2025-12-20,EMP008,Pooja Shinde,Aurangabad,Central,Laptop,Electronics,4,47994.15,191976.61,767906.43,Completed,Leave,Dec-2025,12,0.25000000325560495,-575929.8200000001
ORD10098,2026-02-14,EMP002,Neha Patil,Pune,West,Desk,Furniture,3,13469.66,40408.98,161635.91,Pending,Present,Feb-2026,2,0.25000001546686007,-121226.93
ORD10099,2026-01-02,EMP006,Sneha More,Nagpur,Central,Headset,Accessories,7,2173.17,15212.21,32597.59,Pending,Present,Jan-2026,1,0.4666667075694859,-17385.38
ORD10100,2025-11-29,EMP008,Pooja Shinde,Aurangabad,Central,Printer,Office Equipment,4,13493.82,53975.3,175419.72,Completed,WFH,Nov-2025,11,0.30769231646248213,-121444.42
ORD10101,2025-04-04,EMP015,Sanjay Iyer,Chennai,South,Headset,Accessories,6,2082.13,12492.78,31231.94,Completed,Present,Apr-2025,4,0.4000001280740166,-18739.159999999996
ORD10102,2025-10-11,EMP015,Sanjay Iyer,Chennai,South,Desk,Furniture,2,11879.95,23759.91,142559.44,Completed,Present,Oct-2025,10,0.16666669004872633,-118799.53
ORD10103,2025-12-31,EMP001,Amit Sharma,Pune,West,Mouse,Accessories,1,945.6,945.6,7564.82,Completed,Present,Dec-2025,12,0.12499966952287035,-6619.219999999999
ORD10104,2026-01-18,EMP011,Manish Kumar,Jaipur,North,Mouse,Accessories,5,946.07,4730.36,7568.58,Completed,Present,Jan-2026,1,0.6249996696870482,-2838.2200000000003
ORD10105,2025-12-17,EMP010,Anjali Verma,Delhi,North,Monitor,Electronics,5,14836.73,74183.66,163204.05,Completed,Present,Dec-2025,12,0.45454546011572633,-89020.38999999998
ORD10106,2025-12-29,EMP009,Karan Singh,Delhi,North,Desk,Furniture,6,12176.64,73059.85,97413.14,Pending,Present,Dec-2025,12,0.7499999486722223,-24353.289999999994
ORD10107,2026-02-28,EMP011,Manish Kumar,Jaipur,North,Router,Networking,2,4476.59,8953.17,44765.85,Pending,Present,Feb-2026,2,0.2,-35812.68
ORD10108,2025-05-30,EMP008,Pooja Shinde,Aurangabad,Central,Router,Networking,5,4494.21,22471.03,44942.06,Completed,Present,May-2025,5,0.5,-22471.03
ORD10109,2025-06-17,EMP004,Priya Joshi,Mumbai,West,Router,Networking,5,4828.3,24141.48,43454.67,Completed,Present,Jun-2025,6,0.5555554788472677,-19313.19
ORD10110,2025-04-14,EMP006,Sneha More,Nagpur,Central,Laptop,Electronics,7,50906.65,356346.55,407253.2,Completed,Leave,Apr-2025,4,0.875,-50906.65000000002
ORD10111,2026-02-03,EMP008,Pooja Shinde,Aurangabad,Central,Desk,Furniture,3,12471.41,37414.23,162128.34,Pending,Present,Feb-2026,2,0.23076921653549284,-124714.10999999999
ORD10112,2025-05-12,EMP015,Sanjay Iyer,Chennai,South,Laptop,Electronics,4,53740.07,0.0,591140.82,Cancelled,Present,May-2025,5,0.0,-591140.82
ORD10113,2026-01-14,EMP004,Priya Joshi,Mumbai,West,Headset,Accessories,2,2281.93,4563.87,38792.87,Completed,Present,Jan-2026,1,0.11764713464097912,-34229.0
ORD10114,2025-09-06,EMP015,Sanjay Iyer,Chennai,South,Mouse,Accessories,5,876.8,4384.0,13152.01,Completed,Present,Sep-2025,9,0.3333330798866485,-8768.01
ORD10115,2025-09-04,EMP015,Sanjay Iyer,Chennai,South,Mouse,Accessories,4,986.99,3947.97,9869.92,Completed,Present,Sep-2025,9,0.4000002026358876,-5921.950000000001
ORD10116,2026-01-24,EMP005,Rohan Kulkarni,Nashik,West,Mouse,Accessories,3,1019.0,3057.01,15285.03,Completed,Present,Jan-2026,1,0.20000026169395807,-12228.02
ORD10117,2026-01-28,EMP014,Divya Rao,Bengaluru,South,SSD,Electronics,5,6012.77,30063.83,54114.89,Completed,Present,Jan-2026,1,0.5555555966204496,-24051.059999999998
ORD10118,2026-02-10,EMP011,Manish Kumar,Jaipur,North,Mouse,Accessories,4,990.1,3960.42,11881.25,Completed,Present,Feb-2026,2,0.33333361388742766,-7920.83
ORD10119,2025-07-01,EMP009,Karan Singh,Delhi,North,Headset,Accessories,3,2271.63,6814.9,34074.48,Pending,Leave,Jul-2025,7,0.20000011738990583,-27259.58
ORD10120,2025-12-13,EMP014,Divya Rao,Bengaluru,South,Printer,Office Equipment,5,11622.42,58112.11,127846.63,Completed,Leave,Dec-2025,12,0.4545454972102119,-69734.52
ORD10121,2026-02-13,EMP008,Pooja Shinde,Aurangabad,Central,Printer,Office Equipment,7,11373.21,79612.5,181971.42,Completed,Present,Feb-2026,2,0.43750002060763166,-102358.92000000001
ORD10122,2025-09-01,EMP009,Karan Singh,Delhi,North,Keyboard,Accessories,7,1754.3,12280.1,29823.09,Pending,Present,Sep-2025,9,0.41176484395144836,-17542.989999999998
ORD10123,2025-10-27,EMP002,Neha Patil,Pune,West,Laptop,Electronics,3,47107.44,141322.33,471074.45,Completed,Present,Oct-2025,10,0.29999998938596645,-329752.12
ORD10124,2025-09-27,EMP006,Sneha More,Nagpur,Central,Printer,Office Equipment,1,12065.39,12065.39,156850.02,Completed,Present,Sep-2025,9,0.07692310144429691,-144784.63
ORD10125,2025-05-19,EMP007,Vikas Pawar,Nagpur,Central,Laptop,Electronics,4,51096.14,204384.55,562057.51,Completed,Present,May-2025,5,0.36363636525379756,-357672.96
ORD10126,2025-10-06,EMP008,Pooja Shinde,Aurangabad,Central,Laptop,Electronics,7,52372.8,366609.63,733219.25,Completed,Present,Oct-2025,10,0.5000000068192427,-366609.62
ORD10127,2026-02-12,EMP017,Nikhil Shah,Ahmedabad,West,Desk,Furniture,3,11397.84,34193.53,113978.44,Completed,Present,Feb-2026,2,0.2999999824528218,-79784.91
ORD10128,2025-07-22,EMP018,Isha Patel,Ahmedabad,West,Headset,Accessories,3,2041.48,6124.43,16331.8,Completed,Present,Jul-2025,7,0.37500030615118973,-10207.369999999999
ORD10129,2025-08-09,EMP010,Anjali Verma,Delhi,North,SSD,Electronics,3,6603.48,19810.44,52827.84,Completed,Present,Aug-2025,8,0.375,-33017.399999999994
ORD10130,2025-09-25,EMP007,Vikas Pawar,Nagpur,Central,Desk,Furniture,1,12491.38,12491.38,124913.76,Completed,Present,Sep-2025,9,0.10000003202209268,-112422.37999999999
ORD10131,2026-02-22,EMP015,Sanjay Iyer,Chennai,South,Printer,Office Equipment,3,13246.79,39740.36,198701.79,Completed,Present,Feb-2026,2,0.20000001006533458,-158961.43
ORD10132,2025-06-17,EMP014,Divya Rao,Bengaluru,South,Mouse,Accessories,4,969.24,3876.97,11630.91,Completed,Present,Jun-2025,6,0.3333333333333333,-7753.9400000000005
ORD10133,2025-04-07,EMP010,Anjali Verma,Delhi,North,Office Chair,Furniture,1,7968.07,7968.07,79680.66,Completed,Leave,Apr-2025,4,0.1000000502003874,-71712.59
ORD10134,2026-01-10,EMP018,Isha Patel,Ahmedabad,West,Monitor,Electronics,1,15183.53,15183.53,167018.8,Completed,Present,Jan-2026,1,0.09090910723822708,-151835.27
ORD10135,2025-10-12,EMP012,Kavita Mehta,Jaipur,North,Mouse,Accessories,5,914.03,4570.14,14624.45,Completed,Present,Oct-2025,10,0.31249995726335006,-10054.310000000001
ORD10136,2026-03-08,EMP012,Kavita Mehta,Jaipur,North,Desk,Furniture,1,13204.05,0.0,198060.79,Cancelled,Present,Mar-2026,3,0.0,-198060.79
ORD10137,2025-11-10,EMP017,Nikhil Shah,Ahmedabad,West,Monitor,Electronics,3,14387.51,43162.54,230200.23,Completed,Present,Nov-2025,11,0.18749998642486151,-187037.69
ORD10138,2026-03-25,EMP009,Karan Singh,Delhi,North,Headset,Accessories,6,2310.63,13863.79,25416.96,Completed,Leave,Mar-2026,3,0.5454542950848568,-11553.169999999998
ORD10139,2025-07-07,EMP005,Rohan Kulkarni,Nashik,West,Headset,Accessories,2,2189.75,4379.49,37225.68,Completed,Present,Jul-2025,7,0.1176470114179244,-32846.19
ORD10140,2025-04-17,EMP005,Rohan Kulkarni,Nashik,West,Router,Networking,6,5036.9,30221.38,70516.56,Completed,Present,Apr-2025,4,0.42857138805409684,-40295.17999999999
ORD10141,2025-04-27,EMP006,Sneha More,Nagpur,Central,Desk,Furniture,2,12601.16,25202.33,201618.61,Completed,Present,Apr-2025,4,0.12500001859947354,-176416.27999999997
ORD10142,2025-10-07,EMP014,Divya Rao,Bengaluru,South,Monitor,Electronics,4,15552.02,62208.07,124416.14,Completed,Present,Oct-2025,10,0.5,-62208.07
ORD10143,2026-01-07,EMP011,Manish Kumar,Jaipur,North,Desk,Furniture,3,12050.26,36150.79,96402.11,Completed,Present,Jan-2026,1,0.37499998703347887,-60251.32
ORD10144,2026-02-04,EMP002,Neha Patil,Pune,West,Office Chair,Furniture,7,9109.75,63768.27,118426.79,Completed,Present,Feb-2026,2,0.5384615254707149,-54658.52
ORD10145,2025-05-06,EMP015,Sanjay Iyer,Chennai,South,Mouse,Accessories,3,956.76,2870.27,7654.07,Completed,Present,May-2025,5,0.3749991834409667,-4783.799999999999
ORD10146,2025-10-18,EMP002,Neha Patil,Pune,West,Printer,Office Equipment,1,11419.06,11419.06,91352.48,Completed,Present,Oct-2025,10,0.125,-79933.42
ORD10147,2025-07-13,EMP010,Anjali Verma,Delhi,North,Router,Networking,7,4385.61,30699.25,39470.46,Completed,Present,Jul-2025,7,0.7777778622291203,-8771.21
ORD10148,2025-07-11,EMP002,Neha Patil,Pune,West,Keyboard,Accessories,5,1649.67,8248.36,13197.38,Completed,WFH,Jul-2025,7,0.6249998105684614,-4949.019999999999
ORD10149,2026-02-05,EMP017,Nikhil Shah,Ahmedabad,West,Desk,Furniture,3,12897.51,38692.52,154770.07,Completed,Present,Feb-2026,2,0.2500000161529939,-116077.55000000002
ORD10150,2025-10-15,EMP008,Pooja Shinde,Aurangabad,Central,Router,Networking,2,4742.86,9485.73,80628.67,Completed,Present,Oct-2025,10,0.1176471098927962,-71142.94
ORD10151,2026-01-13,EMP010,Anjali Verma,Delhi,North,Office Chair,Furniture,1,7926.28,7926.28,95115.36,Completed,Present,Jan-2026,1,0.08333333333333333,-87189.08
ORD10152,2026-03-01,EMP007,Vikas Pawar,Nagpur,Central,Router,Networking,3,5118.68,15356.03,46068.1,Completed,Present,Mar-2026,3,0.33333326097668453,-30712.07
ORD10153,2025-11-09,EMP007,Vikas Pawar,Nagpur,Central,Keyboard,Accessories,2,1789.27,3578.54,25049.76,Completed,Present,Nov-2025,11,0.14285725691583473,-21471.219999999998
ORD10154,2025-07-17,EMP013,Arjun Nair,Bengaluru,South,Monitor,Electronics,3,14867.31,44601.94,223009.71,Completed,Present,Jul-2025,7,0.19999999103178065,-178407.77
ORD10155,2025-05-09,EMP015,Sanjay Iyer,Chennai,South,Desk,Furniture,1,12461.4,12461.4,161998.24,Completed,Present,May-2025,5,0.07692305792951824,-149536.84
ORD10156,2025-04-16,EMP013,Arjun Nair,Bengaluru,South,SSD,Electronics,4,6122.56,24490.25,85715.88,Completed,WFH,Apr-2025,4,0.285714269047929,-61225.630000000005
ORD10157,2025-12-07,EMP013,Arjun Nair,Bengaluru,South,Monitor,Electronics,3,13232.78,39698.33,145560.55,Completed,Present,Dec-2025,12,0.2727272602363759,-105862.21999999999
ORD10158,2026-02-12,EMP012,Kavita Mehta,Jaipur,North,Router,Networking,4,5170.25,20680.99,87894.22,Completed,Present,Feb-2026,2,0.23529408418437528,-67213.23
ORD10159,2026-03-06,EMP005,Rohan Kulkarni,Nashik,West,Laptop,Electronics,6,46831.32,280987.93,702469.83,Completed,Present,Mar-2026,3,0.39999999715290263,-421481.89999999997
ORD10160,2026-01-18,EMP016,Meera Krishnan,Chennai,South,Laptop,Electronics,5,56045.08,280225.41,896721.31,Completed,Present,Jan-2026,1,0.3125000006969835,-616495.9000000001
ORD10161,2025-08-18,EMP005,Rohan Kulkarni,Nashik,West,Printer,Office Equipment,3,12574.25,37722.74,176039.46,Pending,WFH,Aug-2025,8,0.2142857061706506,-138316.72
ORD10162,2025-04-11,EMP013,Arjun Nair,Bengaluru,South,Monitor,Electronics,1,14990.15,14990.15,164891.66,Completed,WFH,Apr-2025,4,0.090909085395829,-149901.51
ORD10163,2025-06-02,EMP013,Arjun Nair,Bengaluru,South,SSD,Electronics,3,6056.54,18169.61,102961.14,Completed,WFH,Jun-2025,6,0.17647055966940536,-84791.53
ORD10164,2025-12-18,EMP005,Rohan Kulkarni,Nashik,West,Printer,Office Equipment,6,13430.48,80582.89,107443.85,Completed,Present,Dec-2025,12,0.7500000232679673,-26860.960000000006
ORD10165,2025-11-27,EMP010,Anjali Verma,Delhi,North,Keyboard,Accessories,2,1779.14,3558.29,14233.15,Completed,Present,Nov-2025,11,0.2500001756462905,-10674.86
ORD10166,2025-12-25,EMP015,Sanjay Iyer,Chennai,South,Router,Networking,1,5093.21,5093.21,61118.55,Completed,Leave,Dec-2025,12,0.08333329242922156,-56025.340000000004
ORD10167,2026-02-17,EMP009,Karan Singh,Delhi,North,Keyboard,Accessories,1,1896.11,1896.11,32233.88,Completed,Present,Feb-2026,2,0.05882351116278896,-30337.77
ORD10168,2025-12-17,EMP011,Manish Kumar,Jaipur,North,Monitor,Electronics,4,14022.72,56090.87,210340.76,Completed,Present,Dec-2025,12,0.26666666983612686,-154249.89
ORD10169,2025-05-07,EMP016,Meera Krishnan,Chennai,South,Printer,Office Equipment,5,13165.22,65826.08,197478.23,Pending,Present,May-2025,5,0.33333335021283106,-131652.15000000002
ORD10170,2025-07-24,EMP003,Rahul Deshmukh,Mumbai,West,Desk,Furniture,2,12473.5,24947.01,99788.02,Pending,Present,Jul-2025,7,0.2500000501062151,-74841.01000000001
ORD10171,2025-09-15,EMP001,Amit Sharma,Pune,West,Router,Networking,5,5043.18,25215.9,80690.87,Pending,Present,Sep-2025,9,0.31250003872804943,-55474.969999999994
ORD10172,2025-09-02,EMP006,Sneha More,Nagpur,Central,Office Chair,Furniture,5,8997.73,44988.66,152961.45,Completed,Leave,Sep-2025,9,0.2941176355218913,-107972.79000000001
ORD10173,2025-09-07,EMP011,Manish Kumar,Jaipur,North,Printer,Office Equipment,6,13294.58,79767.47,119651.2,Completed,Present,Sep-2025,9,0.6666666945254206,-39883.729999999996
ORD10174,2025-04-12,EMP007,Vikas Pawar,Nagpur,Central,Monitor,Electronics,5,14660.18,73300.9,117281.43,Completed,Present,Apr-2025,4,0.6250000532906189,-43980.53
ORD10175,2026-03-20,EMP013,Arjun Nair,Bengaluru,South,Keyboard,Accessories,6,1711.8,10270.82,23965.24,Completed,WFH,Mar-2026,3,0.4285715477917183,-13694.420000000002
ORD10176,2026-02-13,EMP015,Sanjay Iyer,Chennai,South,Printer,Office Equipment,5,13024.82,65124.08,143272.97,Completed,Present,Feb-2026,2,0.4545454735809553,-78148.89
ORD10177,2025-11-05,EMP017,Nikhil Shah,Ahmedabad,West,Headset,Accessories,1,2210.54,2210.54,17684.32,Completed,Present,Nov-2025,11,0.125,-15473.779999999999
ORD10178,2025-10-27,EMP018,Isha Patel,Ahmedabad,West,Mouse,Accessories,3,877.24,2631.73,12281.43,Completed,Present,Oct-2025,10,0.21428530716699928,-9649.7
ORD10179,2025-06-18,EMP011,Manish Kumar,Jaipur,North,SSD,Electronics,7,6371.71,0.0,57345.36,Cancelled,Present,Jun-2025,6,0.0,-57345.36
ORD10180,2025-05-09,EMP015,Sanjay Iyer,Chennai,South,Office Chair,Furniture,5,8711.33,43556.67,95824.67,Pending,Present,May-2025,5,0.4545454735195018,-52268.0
ORD10181,2025-06-23,EMP011,Manish Kumar,Jaipur,North,Keyboard,Accessories,1,1932.09,1932.09,28981.33,Completed,WFH,Jun-2025,6,0.06666671267329691,-27049.24
ORD10182,2026-03-23,EMP006,Sneha More,Nagpur,Central,Keyboard,Accessories,1,1763.3,1763.3,14106.44,Completed,Present,Mar-2026,3,0.12499964555196065,-12343.140000000001
ORD10183,2025-09-09,EMP003,Rahul Deshmukh,Mumbai,West,Laptop,Electronics,1,53491.69,53491.69,481425.2,Pending,Present,Sep-2025,9,0.1111111134190732,-427933.51
ORD10184,2025-06-11,EMP014,Divya Rao,Bengaluru,South,Router,Networking,1,4398.77,4398.77,65981.49,Completed,Present,Jun-2025,6,0.06666672728972929,-61582.72
ORD10185,2025-10-16,EMP003,Rahul Deshmukh,Mumbai,West,Printer,Office Equipment,4,13426.9,53707.6,147695.9,Completed,Present,Oct-2025,10,0.36363636363636365,-93988.29999999999
ORD10186,2025-10-23,EMP007,Vikas Pawar,Nagpur,Central,Laptop,Electronics,6,53216.89,319301.35,585385.8,Completed,Present,Oct-2025,10,0.5454545532194323,-266084.45000000007
ORD10187,2026-02-13,EMP002,Neha Patil,Pune,West,Desk,Furniture,3,13464.79,40394.37,107718.33,Completed,Present,Feb-2026,2,0.37499996518698353,-67323.95999999999
ORD10188,2026-02-14,EMP018,Isha Patel,Ahmedabad,West,Headset,Accessories,3,2255.21,6765.64,18041.7,Pending,Leave,Feb-2026,2,0.37500013856787334,-11276.060000000001
ORD10189,2025-12-23,EMP009,Karan Singh,Delhi,North,Laptop,Electronics,4,56035.16,224140.65,728457.1,Completed,Present,Dec-2025,12,0.3076923129721709,-504316.44999999995
ORD10190,2025-10-19,EMP008,Pooja Shinde,Aurangabad,Central,Monitor,Electronics,4,13239.01,52956.03,105912.05,Completed,Present,Oct-2025,10,0.5000000472089814,-52956.020000000004
ORD10191,2025-06-16,EMP007,Vikas Pawar,Nagpur,Central,Monitor,Electronics,6,14531.28,87187.69,247031.79,Completed,Present,Jun-2025,6,0.3529411740893753,-159844.1
ORD10192,2026-01-30,EMP008,Pooja Shinde,Aurangabad,Central,Keyboard,Accessories,3,1630.23,4890.7,21193.04,Completed,Present,Jan-2026,1,0.2307691581764579,-16302.34
ORD10193,2025-05-11,EMP018,Isha Patel,Ahmedabad,West,Desk,Furniture,2,12656.94,25313.87,139226.29,Completed,Present,May-2025,5,0.1818181752885895,-113912.42000000001
ORD10194,2025-04-07,EMP011,Manish Kumar,Jaipur,North,Mouse,Accessories,4,957.17,3828.67,12443.19,Completed,Present,Apr-2025,4,0.3076919985952155,-8614.52
ORD10195,2026-01-22,EMP010,Anjali Verma,Delhi,North,Monitor,Electronics,6,14598.46,87590.74,233575.32,Pending,Present,Jan-2026,1,0.3749999785936288,-145984.58000000002
ORD10196,2025-05-25,EMP014,Divya Rao,Bengaluru,South,Mouse,Accessories,5,886.14,4430.71,12405.99,Completed,Present,May-2025,5,0.35714279956698336,-7975.28
ORD10197,2026-01-25,EMP018,Isha Patel,Ahmedabad,West,Headset,Accessories,2,2238.69,0.0,26864.31,Cancelled,WFH,Jan-2026,1,0.0,-26864.31
ORD10198,2025-08-09,EMP010,Anjali Verma,Delhi,North,Keyboard,Accessories,3,1691.46,5074.39,21989.0,Completed,Present,Aug-2025,8,0.23076947564691438,-16914.61
ORD10199,2026-02-26,EMP017,Nikhil Shah,Ahmedabad,West,Printer,Office Equipment,7,12185.79,85300.54,182786.87,Completed,Present,Feb-2026,2,0.46666667031390163,-97486.33
ORD10200,2026-03-30,EMP018,Isha Patel,Ahmedabad,West,Laptop,Electronics,3,52216.4,156649.21,574380.42,Completed,Present,Mar-2026,3,0.27272728064093826,-417731.2100000001
ORD10201,2025-11-14,EMP002,Neha Patil,Pune,West,Monitor,Electronics,4,14150.69,0.0,240561.76,Cancelled,Present,Nov-2025,11,0.0,-240561.76
ORD10202,2025-08-03,EMP012,Kavita Mehta,Jaipur,North,Keyboard,Accessories,5,1770.92,8854.62,21251.08,Completed,Present,Aug-2025,8,0.41666682352143986,-12396.460000000001
ORD10203,2025-04-08,EMP004,Priya Joshi,Mumbai,West,Office Chair,Furniture,2,8013.44,16026.88,72120.97,Completed,Present,Apr-2025,4,0.22222219140979382,-56094.090000000004
ORD10204,2025-05-11,EMP015,Sanjay Iyer,Chennai,South,Desk,Furniture,7,12058.28,84407.93,108524.48,Completed,Present,May-2025,5,0.7777777880161232,-24116.550000000003
ORD10205,2026-03-11,EMP002,Neha Patil,Pune,West,Keyboard,Accessories,5,1622.93,8114.63,12983.41,Completed,Present,Mar-2026,3,0.62499990372329,-4868.78
ORD10206,2026-01-26,EMP015,Sanjay Iyer,Chennai,South,SSD,Electronics,3,6367.17,19101.51,108241.86,Completed,Present,Jan-2026,1,0.17647063714537053,-89140.35
ORD10207,2026-03-27,EMP001,Amit Sharma,Pune,West,Printer,Office Equipment,4,12572.74,50290.96,100581.92,Completed,Present,Mar-2026,3,0.5,-50290.96
ORD10208,2026-01-09,EMP011,Manish Kumar,Jaipur,North,Printer,Office Equipment,7,12743.56,89204.92,152922.72,Completed,Present,Jan-2026,1,0.5833333333333334,-63717.8
ORD10209,2026-02-06,EMP015,Sanjay Iyer,Chennai,South,Headset,Accessories,4,2193.8,8775.21,24131.83,Completed,Present,Feb-2026,2,0.36363632596450407,-15356.620000000003
ORD10210,2026-01-18,EMP001,Amit Sharma,Pune,West,Office Chair,Furniture,3,8341.86,25025.59,100102.37,Completed,Present,Jan-2026,1,0.24999997502556634,-75076.78
ORD10211,2025-09-26,EMP014,Divya Rao,Bengaluru,South,SSD,Electronics,4,7004.36,28017.43,105065.36,Completed,Present,Sep-2025,9,0.26666667301192326,-77047.93
ORD10212,2025-11-03,EMP018,Isha Patel,Ahmedabad,West,Router,Networking,7,4712.9,32990.27,42416.06,Completed,Present,Nov-2025,11,0.7777778039733063,-9425.79
ORD10213,2025-08-29,EMP013,Arjun Nair,Bengaluru,South,Mouse,Accessories,2,889.52,1779.03,12453.24,Completed,Present,Aug-2025,8,0.1428567987126242,-10674.21
ORD10214,2025-12-20,EMP006,Sneha More,Nagpur,Central,Printer,Office Equipment,7,11648.59,81540.11,104837.28,Completed,WFH,Dec-2025,12,0.7777778095730832,-23297.17
ORD10215,2025-07-23,EMP018,Isha Patel,Ahmedabad,West,Laptop,Electronics,2,54932.95,109865.9,823994.26,Completed,Present,Jul-2025,7,0.13333333171519907,-714128.36
ORD10216,2026-03-11,EMP014,Divya Rao,Bengaluru,South,Mouse,Accessories,1,957.7,957.7,11492.45,Completed,Present,Mar-2026,3,0.08333297077646629,-10534.75
ORD10217,2025-11-06,EMP002,Neha Patil,Pune,West,Monitor,Electronics,6,13880.27,83281.63,111042.17,Completed,Leave,Nov-2025,11,0.7500000225139692,-27760.539999999994
ORD10218,2025-06-12,EMP013,Arjun Nair,Bengaluru,South,Router,Networking,3,5079.04,15237.11,66027.49,Completed,Present,Jun-2025,6,0.23076918416859402,-50790.380000000005
ORD10219,2025-06-21,EMP013,Arjun Nair,Bengaluru,South,Router,Networking,7,4696.34,32874.41,37570.75,Completed,Present,Jun-2025,6,0.8750000998116887,-4696.3399999999965
ORD10220,2025-06-28,EMP015,Sanjay Iyer,Chennai,South,Laptop,Electronics,4,52508.03,210032.1,630096.31,Completed,Present,Jun-2025,6,0.33333332804313676,-420064.2100000001
ORD10221,2026-01-30,EMP017,Nikhil Shah,Ahmedabad,West,Keyboard,Accessories,4,1624.75,6499.01,16247.52,Completed,Present,Jan-2026,1,0.40000012309570937,-9748.51
ORD10222,2025-12-21,EMP003,Rahul Deshmukh,Mumbai,West,Printer,Office Equipment,2,13390.83,26781.65,120517.44,Completed,Present,Dec-2025,12,0.22222219456370795,-93735.79000000001
ORD10223,2025-09-01,EMP012,Kavita Mehta,Jaipur,North,Printer,Office Equipment,2,12434.9,24869.81,136783.94,Completed,Present,Sep-2025,9,0.18181820175672672,-111914.13
ORD10224,2026-02-20,EMP014,Divya Rao,Bengaluru,South,Monitor,Electronics,4,15543.92,62175.67,186527.0,Completed,Present,Feb-2026,2,0.33333335120384716,-124351.33
ORD10225,2026-01-28,EMP015,Sanjay Iyer,Chennai,South,Router,Networking,4,5120.96,20483.83,56330.54,Pending,Present,Jan-2026,1,0.3636363152208376,-35846.71
ORD10226,2026-01-15,EMP014,Divya Rao,Bengaluru,South,Mouse,Accessories,5,903.71,4518.57,9037.13,Completed,Present,Jan-2026,1,0.5000005532729971,-4518.5599999999995
ORD10227,2025-09-05,EMP018,Isha Patel,Ahmedabad,West,Monitor,Electronics,1,15599.25,15599.25,265187.3,Completed,Present,Sep-2025,9,0.05882351832082457,-249588.05
ORD10228,2026-03-17,EMP012,Kavita Mehta,Jaipur,North,SSD,Electronics,7,6464.44,45251.09,90502.18,Completed,Present,Mar-2026,3,0.5,-45251.09
ORD10229,2026-01-23,EMP004,Priya Joshi,Mumbai,West,Mouse,Accessories,4,869.88,3479.53,11308.49,Completed,Present,Jan-2026,1,0.3076918315354216,-7828.959999999999
ORD10230,2026-03-28,EMP015,Sanjay Iyer,Chennai,South,Office Chair,Furniture,6,8903.36,53420.15,115743.67,Completed,Present,Mar-2026,3,0.46153841501656206,-62323.52
ORD10231,2025-12-27,EMP010,Anjali Verma,Delhi,North,Desk,Furniture,2,12061.74,24123.48,205049.55,Pending,Present,Dec-2025,12,0.1176470760360118,-180926.06999999998
ORD10232,2025-09-01,EMP005,Rohan Kulkarni,Nashik,West,Mouse,Accessories,2,980.16,1960.33,10781.81,Completed,Present,Sep-2025,9,0.18181826613527785,-8821.48
ORD10233,2025-08-24,EMP004,Priya Joshi,Mumbai,West,SSD,Electronics,1,6346.02,6346.02,76152.19,Completed,Present,Aug-2025,8,0.08333338804832796,-69806.17
ORD10234,2025-11-12,EMP001,Amit Sharma,Pune,West,Office Chair,Furniture,5,7796.44,38982.22,93557.32,Completed,Present,Nov-2025,11,0.4166667022954484,-54575.100000000006
ORD10235,2025-09-07,EMP011,Manish Kumar,Jaipur,North,SSD,Electronics,1,6307.36,6307.36,100917.76,Completed,WFH,Sep-2025,9,0.0625,-94610.4
ORD10236,2026-01-16,EMP007,Vikas Pawar,Nagpur,Central,Printer,Office Equipment,2,12159.72,24319.43,158076.32,Completed,Present,Jan-2026,1,0.15384612951516077,-133756.89
ORD10237,2026-01-05,EMP014,Divya Rao,Bengaluru,South,Keyboard,Accessories,4,1854.69,7418.74,31529.66,Pending,Present,Jan-2026,1,0.2352940057076416,-24110.92
ORD10238,2025-05-06,EMP008,Pooja Shinde,Aurangabad,Central,Printer,Office Equipment,1,12590.44,12590.44,201447.03,Completed,Present,May-2025,5,0.06250000310255258,-188856.59
ORD10239,2025-10-13,EMP013,Arjun Nair,Bengaluru,South,Laptop,Electronics,4,47432.85,189731.41,569194.24,Completed,Present,Oct-2025,10,0.3333333274771017,-379462.82999999996
ORD10240,2025-12-20,EMP006,Sneha More,Nagpur,Central,Desk,Furniture,2,12780.3,25560.59,217265.05,Completed,Present,Dec-2025,12,0.11764703987134609,-191704.46
ORD10241,2025-11-01,EMP012,Kavita Mehta,Jaipur,North,Monitor,Electronics,6,14505.81,87034.89,130552.33,Completed,Present,Nov-2025,11,0.6666666921992124,-43517.44
ORD10242,2025-08-28,EMP012,Kavita Mehta,Jaipur,North,SSD,Electronics,4,6975.15,27900.6,111602.38,Completed,Present,Aug-2025,8,0.2500000448019119,-83701.78
ORD10243,2025-09-05,EMP016,Meera Krishnan,Chennai,South,Laptop,Electronics,4,55984.37,223937.49,559843.72,Pending,Present,Sep-2025,9,0.40000000357242554,-335906.23
ORD10244,2026-03-14,EMP008,Pooja Shinde,Aurangabad,Central,Headset,Accessories,5,2271.92,11359.62,34078.85,Completed,Present,Mar-2026,3,0.3333334311457106,-22719.229999999996
ORD10245,2025-08-27,EMP006,Sneha More,Nagpur,Central,Headset,Accessories,2,2292.01,4584.02,18336.07,Completed,Present,Aug-2025,8,0.25000013634328405,-13752.05
ORD10246,2025-11-12,EMP014,Divya Rao,Bengaluru,South,Mouse,Accessories,1,893.88,893.88,8044.9,Completed,Present,Nov-2025,11,0.11111138733856232,-7151.0199999999995
ORD10247,2025-12-05,EMP009,Karan Singh,Delhi,North,Laptop,Electronics,3,54524.68,163574.03,763345.49,Pending,Leave,Dec-2025,12,0.21428570960706142,-599771.46
ORD10248,2025-12-18,EMP003,Rahul Deshmukh,Mumbai,West,Headset,Accessories,3,2207.54,6622.61,26490.44,Completed,Present,Dec-2025,12,0.25,-19867.829999999998
ORD10249,2025-05-19,EMP010,Anjali Verma,Delhi,North,Headset,Accessories,2,2228.67,4457.34,33430.02,Completed,Present,May-2025,5,0.13333345298626806,-28972.679999999997
ORD10250,2025-06-06,EMP016,Meera Krishnan,Chennai,South,Office Chair,Furniture,4,8902.66,35610.66,106831.97,Completed,Present,Jun-2025,6,0.3333333645349796,-71221.31
ORD10251,2025-10-23,EMP018,Isha Patel,Ahmedabad,West,SSD,Electronics,1,6522.94,6522.94,84798.23,Completed,Present,Oct-2025,10,0.07692306785177001,-78275.29
ORD10252,2026-02-15,EMP014,Divya Rao,Bengaluru,South,Headset,Accessories,6,2049.24,12295.42,20492.36,Pending,Present,Feb-2026,2,0.6000001951946969,-8196.94
ORD10253,2025-08-19,EMP002,Neha Patil,Pune,West,Desk,Furniture,5,11308.08,56540.38,180929.23,Completed,Present,Aug-2025,8,0.31249997581927474,-124388.85
ORD10254,2025-04-12,EMP013,Arjun Nair,Bengaluru,South,Mouse,Accessories,2,902.5,1804.99,11732.44,Completed,Present,Apr-2025,4,0.15384608828172144,-9927.45
ORD10255,2025-08-08,EMP005,Rohan Kulkarni,Nashik,West,Keyboard,Accessories,2,1768.98,3537.95,15920.78,Completed,Present,Aug-2025,8,0.22222215243223006,-12382.830000000002
ORD10256,2025-05-26,EMP015,Sanjay Iyer,Chennai,South,Router,Networking,7,4526.65,31686.56,45266.52,Completed,Present,May-2025,5,0.6999999116344707,-13579.959999999995
ORD10257,2025-12-19,EMP016,Meera Krishnan,Chennai,South,Laptop,Electronics,4,52726.65,210906.62,790899.82,Completed,Present,Dec-2025,12,0.2666666683525102,-579993.2
ORD10258,2026-02-02,EMP004,Priya Joshi,Mumbai,West,Headset,Accessories,7,2266.83,15867.81,27201.96,Pending,Present,Feb-2026,2,0.5833333333333334,-11334.15
ORD10259,2025-04-07,EMP014,Divya Rao,Bengaluru,South,Office Chair,Furniture,5,8242.23,41211.15,98906.77,Completed,Present,Apr-2025,4,0.41666662453945263,-57695.62
ORD10260,2025-11-05,EMP006,Sneha More,Nagpur,Central,Printer,Office Equipment,2,12782.19,25564.39,191732.9,Completed,Present,Nov-2025,11,0.13333335071862992,-166168.51
ORD10261,2025-10-30,EMP018,Isha Patel,Ahmedabad,West,Printer,Office Equipment,5,13053.46,65267.29,143588.04,Completed,Present,Oct-2025,10,0.45454544821421056,-78320.75
ORD10262,2025-10-08,EMP004,Priya Joshi,Mumbai,West,Monitor,Electronics,4,13685.48,54741.91,123169.3,Completed,Present,Oct-2025,10,0.44444443542343753,-68427.39
ORD10263,2025-05-12,EMP010,Anjali Verma,Delhi,North,Laptop,Electronics,1,47756.12,47756.12,716341.79,Completed,Present,May-2025,5,0.06666666759732111,-668585.67
ORD10264,2025-05-30,EMP016,Meera Krishnan,Chennai,South,Laptop,Electronics,2,55507.78,111015.57,832616.77,Completed,Present,May-2025,5,0.13333333413402182,-721601.2
ORD10265,2026-01-15,EMP008,Pooja Shinde,Aurangabad,Central,Headset,Accessories,1,2223.12,2223.12,31123.65,Completed,Present,Jan-2026,1,0.0714286402783735,-28900.530000000002
ORD10266,2025-06-26,EMP005,Rohan Kulkarni,Nashik,West,Desk,Furniture,5,11335.55,56677.75,158697.69,Completed,Present,Jun-2025,6,0.3571428796474605,-102019.94
ORD10267,2025-08-30,EMP017,Nikhil Shah,Ahmedabad,West,Printer,Office Equipment,4,12909.39,51637.58,219459.69,Completed,WFH,Aug-2025,8,0.23529414445085564,-167822.11
ORD10268,2025-10-28,EMP007,Vikas Pawar,Nagpur,Central,Keyboard,Accessories,4,1734.97,6939.87,29494.47,Completed,Present,Oct-2025,10,0.2352939381517959,-22554.600000000002
ORD10269,2026-03-18,EMP008,Pooja Shinde,Aurangabad,Central,SSD,Electronics,6,5946.66,35679.98,47573.3,Completed,Present,Mar-2026,3,0.7500001051009705,-11893.32
ORD10270,2026-02-23,EMP002,Neha Patil,Pune,West,Monitor,Electronics,3,13366.82,40100.46,147035.0,Completed,Present,Feb-2026,2,0.2727273098241915,-106934.54000000001
ORD10271,2025-07-28,EMP018,Isha Patel,Ahmedabad,West,SSD,Electronics,5,5996.52,29982.62,89947.85,Completed,Present,Jul-2025,7,0.3333333703918437,-59965.23000000001
ORD10272,2025-09-07,EMP016,Meera Krishnan,Chennai,South,Monitor,Electronics,3,13164.15,39492.45,105313.2,Pending,Present,Sep-2025,9,0.375,-65820.75
ORD10273,2025-08-31,EMP008,Pooja Shinde,Aurangabad,Central,SSD,Electronics,1,6041.51,6041.51,66456.61,Completed,Present,Aug-2025,8,0.09090909090909091,-60415.1
ORD10274,2026-01-13,EMP014,Divya Rao,Bengaluru,South,Laptop,Electronics,5,49476.09,247380.44,692665.23,Pending,Present,Jan-2026,1,0.3571428581740706,-445284.79
ORD10275,2025-04-18,EMP013,Arjun Nair,Bengaluru,South,Printer,Office Equipment,6,13144.5,78866.98,197167.45,Completed,Present,Apr-2025,4,0.39999999999999997,-118300.47000000002
ORD10276,2025-11-10,EMP011,Manish Kumar,Jaipur,North,Headset,Accessories,6,2369.93,14219.58,30809.08,Completed,Present,Nov-2025,11,0.4615386113444478,-16589.5
ORD10277,2025-12-14,EMP015,Sanjay Iyer,Chennai,South,Mouse,Accessories,3,1020.04,3060.11,10200.37,Completed,Present,Dec-2025,12,0.2999999019643405,-7140.26
ORD10278,2026-01-03,EMP011,Manish Kumar,Jaipur,North,Printer,Office Equipment,5,12922.7,64613.52,129227.04,Completed,Present,Jan-2026,1,0.5,-64613.52
ORD10279,2025-04-30,EMP007,Vikas Pawar,Nagpur,Central,Router,Networking,5,4458.3,22291.51,75791.13,Completed,Present,Apr-2025,4,0.2941176625813601,-53499.62000000001
ORD10280,2026-03-30,EMP005,Rohan Kulkarni,Nashik,West,Keyboard,Accessories,1,1710.04,1710.04,17100.4,Completed,Present,Mar-2026,3,0.09999999999999999,-15390.36
ORD10281,2025-04-10,EMP014,Divya Rao,Bengaluru,South,Office Chair,Furniture,3,7937.68,23813.03,127002.85,Completed,Present,Apr-2025,4,0.18749996555195414,-103189.82
ORD10282,2025-06-25,EMP010,Anjali Verma,Delhi,North,SSD,Electronics,2,5891.31,11782.63,47130.51,Completed,Present,Jun-2025,6,0.25000005304419576,-35347.880000000005
ORD10283,2025-04-20,EMP011,Manish Kumar,Jaipur,North,Keyboard,Accessories,7,1719.02,12033.11,25785.24,Completed,Present,Apr-2025,4,0.46666658910291314,-13752.130000000001
ORD10284,2025-07-20,EMP004,Priya Joshi,Mumbai,West,Mouse,Accessories,2,1006.54,2013.08,10065.39,Completed,Present,Jul-2025,7,0.20000019870069616,-8052.3099999999995
ORD10285,2026-02-04,EMP008,Pooja Shinde,Aurangabad,Central,Office Chair,Furniture,5,7694.48,38472.4,84639.27,Completed,Present,Feb-2026,2,0.4545455082493032,-46166.87
ORD10286,2025-12-29,EMP007,Vikas Pawar,Nagpur,Central,Mouse,Accessories,5,964.84,4824.19,14472.56,Completed,Present,Dec-2025,12,0.33333356365425326,-9648.369999999999
ORD10287,2025-12-10,EMP002,Neha Patil,Pune,West,Monitor,Electronics,3,13754.23,41262.7,137542.32,Completed,Present,Dec-2025,12,0.30000002908195816,-96279.62000000001
ORD10288,2025-08-30,EMP013,Arjun Nair,Bengaluru,South,SSD,Electronics,6,6095.52,36573.09,67050.67,Completed,Present,Aug-2025,8,0.5454545047797434,-30477.58
ORD10289,2025-11-14,EMP017,Nikhil Shah,Ahmedabad,West,Office Chair,Furniture,1,7785.56,7785.56,85641.15,Completed,Present,Nov-2025,11,0.09090910152420888,-77855.59
ORD10290,2026-01-28,EMP011,Manish Kumar,Jaipur,North,Router,Networking,4,4578.72,18314.88,36629.75,Completed,Present,Jan-2026,1,0.5000001365010681,-18314.87
ORD10291,2025-11-26,EMP015,Sanjay Iyer,Chennai,South,Headset,Accessories,7,2312.56,16187.93,32375.86,Completed,Present,Nov-2025,11,0.5,-16187.93
ORD10292,2025-05-31,EMP010,Anjali Verma,Delhi,North,Monitor,Electronics,3,13118.37,39355.12,104946.99,Completed,Present,May-2025,5,0.37499998808922486,-65591.87
ORD10293,2025-10-15,EMP017,Nikhil Shah,Ahmedabad,West,Keyboard,Accessories,5,1638.19,8190.94,16381.88,Completed,Leave,Oct-2025,10,0.5,-8190.94
ORD10294,2026-03-15,EMP005,Rohan Kulkarni,Nashik,West,Mouse,Accessories,1,929.42,929.42,11152.99,Completed,Present,Mar-2026,3,0.08333370692522812,-10223.57
ORD10295,2025-08-04,EMP007,Vikas Pawar,Nagpur,Central,Office Chair,Furniture,2,9041.37,18082.73,135620.5,Completed,Present,Aug-2025,8,0.13333330875494487,-117537.77
ORD10296,2025-09-29,EMP014,Divya Rao,Bengaluru,South,Router,Networking,7,5117.15,35820.02,81874.34,Pending,Present,Sep-2025,9,0.43749995419810406,-46054.32
ORD10297,2026-03-30,EMP010,Anjali Verma,Delhi,North,Headset,Accessories,4,2089.19,8356.74,29248.59,Pending,Present,Mar-2026,3,0.2857142857142857,-20891.85
ORD10298,2026-03-02,EMP016,Meera Krishnan,Chennai,South,Headset,Accessories,7,2158.1,15106.68,28055.26,Completed,Present,Mar-2026,3,0.5384615932983691,-12948.579999999998
ORD10299,2025-10-01,EMP011,Manish Kumar,Jaipur,North,Mouse,Accessories,2,1010.0,2020.0,16160.01,Completed,Present,Oct-2025,10,0.12499992264856272,-14140.01
ORD10300,2025-04-07,EMP006,Sneha More,Nagpur,Central,Monitor,Electronics,3,15564.46,46693.38,217902.43,Completed,Present,Apr-2025,4,0.2142857241197356,-171209.05
ORD10301,2025-08-20,EMP005,Rohan Kulkarni,Nashik,West,SSD,Electronics,5,6150.14,30750.7,61501.4,Completed,Present,Aug-2025,8,0.5,-30750.7
ORD10302,2026-01-30,EMP012,Kavita Mehta,Jaipur,North,Router,Networking,5,4418.58,22092.89,39767.21,Completed,Present,Jan-2026,1,0.5555554437940202,-17674.32
ORD10303,2026-02-21,EMP001,Amit Sharma,Pune,West,Laptop,Electronics,5,48928.55,244642.76,831785.4,Completed,Present,Feb-2026,2,0.2941176414012557,-587142.64
ORD10304,2025-09-24,EMP017,Nikhil Shah,Ahmedabad,West,Monitor,Electronics,6,13640.24,81841.46,122762.19,Completed,Present,Sep-2025,9,0.6666666666666667,-40920.729999999996
ORD10305,2025-04-02,EMP016,Meera Krishnan,Chennai,South,Router,Networking,2,4404.29,8808.59,44042.94,Completed,Present,Apr-2025,4,0.2000000454102292,-35234.350000000006
ORD10306,2026-03-10,EMP015,Sanjay Iyer,Chennai,South,Desk,Furniture,6,13064.41,0.0,222094.94,Cancelled,Present,Mar-2026,3,0.0,-222094.94
ORD10307,2025-05-19,EMP007,Vikas Pawar,Nagpur,Central,Printer,Office Equipment,4,12475.91,49903.63,137234.98,Completed,Present,May-2025,5,0.3636363702607017,-87331.35
ORD10308,2025-11-18,EMP015,Sanjay Iyer,Chennai,South,Headset,Accessories,4,2324.75,9299.0,37195.98,Completed,Present,Nov-2025,11,0.2500001344231285,-27896.980000000003
ORD10309,2025-06-05,EMP003,Rahul Deshmukh,Mumbai,West,Desk,Furniture,4,12462.08,49848.32,137082.87,Completed,Present,Jun-2025,6,0.3636363901631181,-87234.54999999999
ORD10310,2026-01-04,EMP018,Isha Patel,Ahmedabad,West,Keyboard,Accessories,5,1932.49,9662.45,28987.36,Completed,Present,Jan-2026,1,0.3333332183406837,-19324.91
ORD10311,2026-01-22,EMP004,Priya Joshi,Mumbai,West,Printer,Office Equipment,5,11952.79,59763.93,191244.57,Completed,Leave,Jan-2026,1,0.3125000098041999,-131480.64
ORD10312,2025-07-13,EMP018,Isha Patel,Ahmedabad,West,SSD,Electronics,4,6664.2,26656.81,59977.82,Completed,Present,Jul-2025,7,0.4444444629698112,-33321.009999999995
ORD10313,2025-12-15,EMP018,Isha Patel,Ahmedabad,West,Desk,Furniture,6,11566.6,69399.61,92532.81,Completed,Present,Dec-2025,12,0.7500000270174438,-23133.199999999997
ORD10314,2025-09-23,EMP011,Manish Kumar,Jaipur,North,Printer,Office Equipment,4,13046.83,52187.34,169608.85,Pending,Present,Sep-2025,9,0.3076923167629519,-117421.51000000001
ORD10315,2026-01-27,EMP016,Meera Krishnan,Chennai,South,Laptop,Electronics,7,51342.96,359400.72,616115.52,Completed,Present,Jan-2026,1,0.5833333333333333,-256714.80000000005
ORD10316,2025-12-16,EMP006,Sneha More,Nagpur,Central,SSD,Electronics,7,6617.68,46323.74,79412.12,Completed,Present,Dec-2025,12,0.5833333753084542,-33088.38
ORD10317,2026-01-06,EMP002,Neha Patil,Pune,West,SSD,Electronics,6,6293.46,37760.77,62934.62,Completed,Present,Jan-2026,1,0.5999999682209887,-25173.850000000006
ORD10318,2025-08-12,EMP012,Kavita Mehta,Jaipur,North,Router,Networking,3,5098.72,15296.16,81579.52,Completed,Present,Aug-2025,8,0.1875,-66283.36
ORD10319,2025-08-09,EMP012,Kavita Mehta,Jaipur,North,SSD,Electronics,5,5982.14,29910.72,101696.44,Completed,Present,Aug-2025,8,0.29411767019573154,-71785.72
ORD10320,2025-09-27,EMP002,Neha Patil,Pune,West,Router,Networking,3,4709.1,14127.31,80054.76,Completed,Present,Sep-2025,9,0.1764705808873826,-65927.45
ORD10321,2025-08-28,EMP017,Nikhil Shah,Ahmedabad,West,Printer,Office Equipment,4,12310.4,49241.58,123103.96,Completed,Present,Aug-2025,8,0.39999996750713784,-73862.38
ORD10322,2025-06-05,EMP003,Rahul Deshmukh,Mumbai,West,Desk,Furniture,4,12783.76,51135.03,166188.83,Pending,Present,Jun-2025,6,0.30769234009289315,-115053.79999999999
ORD10323,2025-12-03,EMP003,Rahul Deshmukh,Mumbai,West,Mouse,Accessories,2,942.66,1885.33,12254.63,Completed,Present,Dec-2025,12,0.15384634215802517,-10369.3
ORD10324,2026-02-07,EMP014,Divya Rao,Bengaluru,South,Mouse,Accessories,6,1009.52,6057.1,8076.14,Completed,Present,Feb-2026,2,0.749999380892357,-2019.04
ORD10325,2026-02-27,EMP015,Sanjay Iyer,Chennai,South,Monitor,Electronics,3,15417.78,46253.34,215848.91,Completed,Present,Feb-2026,2,0.21428572421329345,-169595.57
ORD10326,2025-05-16,EMP006,Sneha More,Nagpur,Central,Mouse,Accessories,5,948.48,4742.38,9484.77,Completed,Present,May-2025,5,0.49999947283908835,-4742.39
ORD10327,2025-06-23,EMP017,Nikhil Shah,Ahmedabad,West,Router,Networking,6,5113.22,30679.31,71585.05,Completed,Present,Jun-2025,6,0.42857146848399214,-40905.740000000005
ORD10328,2025-07-19,EMP003,Rahul Deshmukh,Mumbai,West,SSD,Electronics,3,6791.74,0.0,74709.15,Cancelled,Present,Jul-2025,7,0.0,-74709.15
ORD10329,2025-06-12,EMP015,Sanjay Iyer,Chennai,South,Mouse,Accessories,6,892.35,5354.12,10708.25,Completed,Present,Jun-2025,6,0.49999953307029626,-5354.13
ORD10330,2026-01-11,EMP009,Karan Singh,Delhi,North,Laptop,Electronics,4,49619.84,198479.37,595438.11,Completed,Present,Jan-2026,1,0.3333333333333333,-396958.74
ORD10331,2025-11-08,EMP009,Karan Singh,Delhi,North,Mouse,Accessories,3,1009.4,3028.19,15140.93,Pending,Present,Nov-2025,11,0.20000026418456462,-12112.74
ORD10332,2025-06-25,EMP009,Karan Singh,Delhi,North,Desk,Furniture,7,12658.9,88612.27,101271.17,Completed,Present,Jun-2025,6,0.8749999629707054,-12658.899999999994
ORD10333,2025-12-23,EMP014,Divya Rao,Bengaluru,South,Monitor,Electronics,5,14410.97,72054.87,172931.68,Completed,Present,Dec-2025,12,0.41666668594210154,-100876.81
ORD10334,2025-09-19,EMP001,Amit Sharma,Pune,West,Printer,Office Equipment,5,12431.79,62158.95,198908.63,Completed,Present,Sep-2025,9,0.3125000157107311,-136749.68
ORD10335,2025-11-02,EMP001,Amit Sharma,Pune,West,Desk,Furniture,5,12812.51,64062.57,192187.7,Completed,Present,Nov-2025,11,0.3333333506774887,-128125.13
ORD10336,2025-05-17,EMP015,Sanjay Iyer,Chennai,South,Router,Networking,3,5091.14,15273.42,66184.82,Completed,Present,May-2025,5,0.23076923076923075,-50911.40000000001
ORD10337,2026-01-01,EMP004,Priya Joshi,Mumbai,West,Office Chair,Furniture,7,7851.49,54960.44,86366.4,Completed,Present,Jan-2026,1,0.6363636784675523,-31405.959999999992
ORD10338,2026-03-08,EMP012,Kavita Mehta,Jaipur,North,Monitor,Electronics,2,14284.26,28568.52,228548.18,Completed,Present,Mar-2026,3,0.12499998906138741,-199979.66
ORD10339,2025-12-18,EMP018,Isha Patel,Ahmedabad,West,Laptop,Electronics,5,51222.54,256112.69,870783.14,Pending,Present,Dec-2025,12,0.29411764908539684,-614670.45
ORD10340,2026-03-28,EMP001,Amit Sharma,Pune,West,Router,Networking,5,4728.65,23643.24,47286.47,Completed,Present,Mar-2026,3,0.5000001057384914,-23643.23
ORD10341,2025-11-23,EMP017,Nikhil Shah,Ahmedabad,West,Headset,Accessories,1,1983.03,1983.03,29745.52,Completed,Present,Nov-2025,11,0.06666650978029633,-27762.49
ORD10342,2025-06-29,EMP007,Vikas Pawar,Nagpur,Central,Printer,Office Equipment,5,12537.11,62685.55,213130.86,Completed,WFH,Jun-2025,6,0.2941176608586856,-150445.31
ORD10343,2025-12-21,EMP005,Rohan Kulkarni,Nashik,West,Laptop,Electronics,1,54458.41,54458.41,653500.97,Completed,Present,Dec-2025,12,0.0833333269574183,-599042.5599999999
ORD10344,2025-05-11,EMP007,Vikas Pawar,Nagpur,Central,Keyboard,Accessories,3,1662.6,4987.81,13300.82,Completed,Present,May-2025,5,0.37500018795833645,-8313.009999999998
ORD10345,2025-06-11,EMP008,Pooja Shinde,Aurangabad,Central,Printer,Office Equipment,5,12617.79,63088.93,100942.29,Pending,WFH,Jun-2025,6,0.6249999876166867,-37853.35999999999
ORD10346,2025-12-06,EMP005,Rohan Kulkarni,Nashik,West,Desk,Furniture,1,12681.9,12681.9,177546.64,Completed,Present,Dec-2025,12,0.07142855533622038,-164864.74000000002
ORD10347,2025-09-24,EMP015,Sanjay Iyer,Chennai,South,Mouse,Accessories,2,898.89,1797.79,9887.84,Completed,Present,Sep-2025,9,0.18181827375847506,-8090.05
ORD10348,2025-06-21,EMP005,Rohan Kulkarni,Nashik,West,Keyboard,Accessories,7,1755.74,12290.17,19313.13,Pending,Present,Jun-2025,6,0.6363634480791047,-7022.960000000001
ORD10349,2025-11-29,EMP015,Sanjay Iyer,Chennai,South,Router,Networking,7,4676.55,32735.86,74824.82,Completed,Leave,Nov-2025,11,0.43750001670568667,-42088.96000000001
ORD10350,2025-12-22,EMP014,Divya Rao,Bengaluru,South,Monitor,Electronics,3,15433.68,46301.04,246938.86,Completed,Present,Dec-2025,12,0.18750001518594522,-200637.81999999998
ORD10351,2025-09-02,EMP002,Neha Patil,Pune,West,Headset,Accessories,3,2191.45,6574.35,32871.77,Pending,Present,Sep-2025,9,0.19999987831504057,-26297.42
ORD10352,2025-12-24,EMP003,Rahul Deshmukh,Mumbai,West,Laptop,Electronics,7,52202.59,365418.14,887444.05,Pending,Present,Dec-2025,12,0.41176470787087927,-522025.91000000003
ORD10353,2025-08-05,EMP006,Sneha More,Nagpur,Central,Printer,Office Equipment,6,13166.64,78999.86,144833.07,Completed,Present,Aug-2025,8,0.5454545705618199,-65833.21
ORD10354,2025-07-31,EMP012,Kavita Mehta,Jaipur,North,Monitor,Electronics,3,14224.82,42674.47,227597.15,Completed,Present,Jul-2025,7,0.18750001922256057,-184922.68
ORD10355,2025-05-18,EMP004,Priya Joshi,Mumbai,West,Laptop,Electronics,7,51589.34,361125.36,619072.05,Completed,Present,May-2025,5,0.5833333292950311,-257946.69000000006
ORD10356,2026-02-15,EMP001,Amit Sharma,Pune,West,Mouse,Accessories,3,859.35,2578.05,7734.16,Completed,Present,Feb-2026,2,0.3333329023449218,-5156.11
ORD10357,2025-08-04,EMP011,Manish Kumar,Jaipur,North,Laptop,Electronics,1,53137.85,53137.85,637654.19,Completed,Present,Aug-2025,8,0.08333333464020679,-584516.34
ORD10358,2025-10-21,EMP006,Sneha More,Nagpur,Central,Laptop,Electronics,7,53242.25,372695.73,479180.22,Completed,Present,Oct-2025,10,0.7777777847341028,-106484.48999999999
ORD10359,2025-06-06,EMP011,Manish Kumar,Jaipur,North,Mouse,Accessories,2,861.67,1723.34,11201.69,Pending,Present,Jun-2025,6,0.15384642852998073,-9478.35
ORD10360,2025-05-21,EMP018,Isha Patel,Ahmedabad,West,Headset,Accessories,3,2038.24,6114.71,24458.84,Completed,Leave,May-2025,5,0.25,-18344.13
ORD10361,2025-08-03,EMP005,Rohan Kulkarni,Nashik,West,SSD,Electronics,4,6217.34,24869.36,87042.77,Completed,WFH,Aug-2025,8,0.2857142528897001,-62173.41
ORD10362,2025-10-18,EMP017,Nikhil Shah,Ahmedabad,West,Mouse,Accessories,1,920.92,920.92,11971.99,Completed,Present,Oct-2025,10,0.0769228841654562,-11051.07
ORD10363,2026-01-30,EMP013,Arjun Nair,Bengaluru,South,Monitor,Electronics,5,15038.56,75192.82,210539.89,Completed,Present,Jan-2026,1,0.35714286732077233,-135347.07
ORD10364,2025-07-18,EMP017,Nikhil Shah,Ahmedabad,West,Printer,Office Equipment,6,12774.12,0.0,153289.46,Cancelled,Present,Jul-2025,7,0.0,-153289.46
ORD10365,2025-07-01,EMP003,Rahul Deshmukh,Mumbai,West,Monitor,Electronics,3,13591.08,40773.23,108728.61,Completed,Present,Jul-2025,7,0.37500001149651413,-67955.38
ORD10366,2025-10-31,EMP005,Rohan Kulkarni,Nashik,West,Office Chair,Furniture,5,7876.42,39382.08,94516.99,Completed,Present,Oct-2025,10,0.4166666754834237,-55134.91
ORD10367,2025-08-25,EMP002,Neha Patil,Pune,West,Headset,Accessories,5,2161.55,10807.76,28100.19,Completed,Present,Aug-2025,8,0.384615192993357,-17292.43
ORD10368,2025-04-05,EMP017,Nikhil Shah,Ahmedabad,West,Desk,Furniture,4,12300.26,49201.04,209104.41,Pending,Present,Apr-2025,4,0.2352941288995292,-159903.37
ORD10369,2025-08-25,EMP016,Meera Krishnan,Chennai,South,Mouse,Accessories,6,955.67,5734.04,16246.44,Completed,Present,Aug-2025,8,0.3529413212986968,-10512.400000000001
ORD10370,2025-11-02,EMP015,Sanjay Iyer,Chennai,South,Router,Networking,3,4818.77,14456.31,48187.69,Pending,Present,Nov-2025,11,0.30000006225656384,-33731.380000000005
ORD10371,2025-07-01,EMP015,Sanjay Iyer,Chennai,South,Mouse,Accessories,7,1018.48,7129.39,16295.74,Completed,Present,Jul-2025,7,0.4375002301214919,-9166.349999999999
ORD10372,2026-03-03,EMP017,Nikhil Shah,Ahmedabad,West,Laptop,Electronics,3,49719.38,149158.13,497193.75,Completed,Present,Mar-2026,3,0.3000000100564418,-348035.62
ORD10373,2025-10-06,EMP016,Meera Krishnan,Chennai,South,Monitor,Electronics,6,14844.95,89069.73,148449.55,Completed,Present,Oct-2025,10,0.6,-59379.81999999999
ORD10374,2025-08-04,EMP016,Meera Krishnan,Chennai,South,Monitor,Electronics,1,13777.56,13777.56,206663.45,Completed,Present,Aug-2025,8,0.06666665053738335,-192885.89
ORD10375,2025-09-10,EMP018,Isha Patel,Ahmedabad,West,Desk,Furniture,2,13114.06,26228.11,183596.78,Completed,Present,Sep-2025,9,0.14285713507611628,-157368.66999999998
ORD10376,2026-01-17,EMP005,Rohan Kulkarni,Nashik,West,Laptop,Electronics,7,48137.08,336959.55,722056.18,Pending,Present,Jan-2026,1,0.46666666574337745,-385096.63000000006
ORD10377,2025-10-18,EMP001,Amit Sharma,Pune,West,Mouse,Accessories,3,959.93,2879.78,14398.89,Completed,Present,Oct-2025,10,0.20000013889959575,-11519.109999999999
ORD10378,2025-12-16,EMP006,Sneha More,Nagpur,Central,Keyboard,Accessories,3,1824.8,5474.39,16423.17,Completed,Present,Dec-2025,12,0.33333333333333337,-10948.779999999999
ORD10379,2026-03-24,EMP016,Meera Krishnan,Chennai,South,Monitor,Electronics,1,14356.63,14356.63,244062.7,Completed,Present,Mar-2026,3,0.058823531821945746,-229706.07
ORD10380,2026-02-16,EMP002,Neha Patil,Pune,West,SSD,Electronics,5,6630.22,33151.1,59671.98,Completed,Present,Feb-2026,2,0.5555555555555555,-26520.880000000005
ORD10381,2025-07-29,EMP007,Vikas Pawar,Nagpur,Central,Printer,Office Equipment,7,11758.57,82309.96,188137.04,Completed,Present,Jul-2025,7,0.4375000265763722,-105827.08
ORD10382,2025-05-23,EMP017,Nikhil Shah,Ahmedabad,West,Office Chair,Furniture,7,8976.41,62834.86,152598.94,Completed,Present,May-2025,5,0.4117647213014717,-89764.08
ORD10383,2025-05-22,EMP018,Isha Patel,Ahmedabad,West,Monitor,Electronics,4,13662.45,54649.78,163949.35,Completed,Present,May-2025,5,0.3333333130018509,-109299.57
ORD10384,2025-10-08,EMP004,Priya Joshi,Mumbai,West,Office Chair,Furniture,2,8264.21,16528.42,74377.91,Completed,Present,Oct-2025,10,0.22222216246732393,-57849.490000000005
ORD10385,2025-06-14,EMP009,Karan Singh,Delhi,North,Laptop,Electronics,7,47761.72,334332.07,382093.79,Completed,Present,Jun-2025,6,0.8750000098143443,-47761.71999999997
ORD10386,2025-07-05,EMP006,Sneha More,Nagpur,Central,Laptop,Electronics,7,52259.37,365815.62,783890.62,Completed,Present,Jul-2025,7,0.4666666632648315,-418075.0
ORD10387,2026-02-14,EMP011,Manish Kumar,Jaipur,North,Router,Networking,1,4432.26,4432.26,70916.15,Pending,Present,Feb-2026,2,0.0625000088132252,-66483.89
ORD10388,2025-07-09,EMP018,Isha Patel,Ahmedabad,West,Keyboard,Accessories,5,1756.85,8784.26,22839.08,Completed,WFH,Jul-2025,7,0.3846153172544603,-14054.820000000002
ORD10389,2025-10-03,EMP001,Amit Sharma,Pune,West,Router,Networking,7,4323.77,30266.39,60532.78,Completed,Leave,Oct-2025,10,0.5,-30266.39
ORD10390,2025-07-10,EMP001,Amit Sharma,Pune,West,Desk,Furniture,4,11541.6,46166.41,126957.62,Completed,Present,Jul-2025,7,0.3636363851181206,-80791.20999999999
ORD10391,2025-04-21,EMP012,Kavita Mehta,Jaipur,North,Printer,Office Equipment,2,11485.82,22971.64,149315.64,Pending,Present,Apr-2025,4,0.15384617445299098,-126344.00000000001
ORD10392,2025-05-11,EMP003,Rahul Deshmukh,Mumbai,West,Monitor,Electronics,6,15061.74,90370.42,240987.8,Completed,Present,May-2025,5,0.37499997925206174,-150617.38
ORD10393,2025-10-27,EMP005,Rohan Kulkarni,Nashik,West,Mouse,Accessories,7,978.06,6846.43,15648.97,Completed,Present,Oct-2025,10,0.4375003594485772,-8802.539999999999
ORD10394,2025-07-09,EMP013,Arjun Nair,Bengaluru,South,Office Chair,Furniture,5,7704.99,38524.93,123279.78,Completed,Present,Jul-2025,7,0.3124999898604621,-84754.85
ORD10395,2025-12-30,EMP003,Rahul Deshmukh,Mumbai,West,Headset,Accessories,4,2000.67,8002.68,30010.06,Completed,Present,Dec-2025,12,0.2666665778075752,-22007.38
ORD10396,2025-04-21,EMP011,Manish Kumar,Jaipur,North,Keyboard,Accessories,5,1638.82,8194.11,21304.68,Completed,Present,Apr-2025,4,0.3846154929339469,-13110.57
ORD10397,2026-01-28,EMP010,Anjali Verma,Delhi,North,Printer,Office Equipment,6,12009.03,72054.16,156117.36,Completed,WFH,Jan-2026,1,0.4615384221203844,-84063.19999999998
ORD10398,2025-09-10,EMP003,Rahul Deshmukh,Mumbai,West,Headset,Accessories,1,2338.8,2338.8,25726.82,Completed,Present,Sep-2025,9,0.09090902023646918,-23388.02
ORD10399,2025-11-14,EMP006,Sneha More,Nagpur,Central,Laptop,Electronics,4,51058.04,204232.16,408464.33,Completed,WFH,Nov-2025,11,0.49999998775902904,-204232.17
ORD10400,2026-01-08,EMP010,Anjali Verma,Delhi,North,Router,Networking,2,4477.02,8954.05,62678.32,Completed,Present,Jan-2026,1,0.14285721123348552,-53724.270000000004
ORD10401,2025-05-03,EMP007,Vikas Pawar,Nagpur,Central,Mouse,Accessories,1,918.57,918.57,11022.81,Completed,WFH,May-2025,5,0.08333356013575487,-10104.24
ORD10402,2025-07-20,EMP009,Karan Singh,Delhi,North,Desk,Furniture,1,12613.83,12613.83,189207.45,Completed,Present,Jul-2025,7,0.06666666666666667,-176593.62000000002
ORD10403,2025-08-10,EMP008,Pooja Shinde,Aurangabad,Central,Keyboard,Accessories,5,1693.95,8469.74,15245.53,Completed,Present,Aug-2025,8,0.5555556284366631,-6775.790000000001
ORD10404,2025-08-02,EMP012,Kavita Mehta,Jaipur,North,SSD,Electronics,4,6970.61,27882.46,111529.83,Completed,Present,Aug-2025,8,0.25000002241552777,-83647.37
ORD10405,2026-02-25,EMP015,Sanjay Iyer,Chennai,South,Headset,Accessories,1,2061.17,2061.17,35039.93,Completed,Present,Feb-2026,2,0.05882346226148283,-32978.76
ORD10406,2025-04-26,EMP010,Anjali Verma,Delhi,North,Keyboard,Accessories,3,1938.06,5814.17,29070.84,Completed,Present,Apr-2025,4,0.20000006879746166,-23256.67
ORD10407,2026-02-15,EMP017,Nikhil Shah,Ahmedabad,West,Mouse,Accessories,6,904.68,5428.06,14474.82,Pending,Present,Feb-2026,2,0.37500017271371944,-9046.759999999998
ORD10408,2025-11-28,EMP017,Nikhil Shah,Ahmedabad,West,Monitor,Electronics,5,14347.99,71739.93,229567.77,Completed,Present,Nov-2025,11,0.3125000081675228,-157827.84
ORD10409,2025-11-12,EMP015,Sanjay Iyer,Chennai,South,SSD,Electronics,5,6975.9,34879.51,90686.74,Completed,Present,Nov-2025,11,0.38461532523939,-55807.23
ORD10410,2025-10-27,EMP014,Divya Rao,Bengaluru,South,SSD,Electronics,6,6356.39,38138.37,63563.95,Completed,Present,Oct-2025,10,0.6000000000000001,-25425.579999999994
ORD10411,2025-11-21,EMP012,Kavita Mehta,Jaipur,North,Laptop,Electronics,1,55983.96,55983.96,503855.66,Pending,Present,Nov-2025,11,0.11111110670067693,-447871.69999999995
ORD10412,2025-06-09,EMP009,Karan Singh,Delhi,North,Mouse,Accessories,3,940.2,2820.6,14102.98,Completed,WFH,Jun-2025,6,0.20000028362799918,-11282.38
ORD10413,2026-02-26,EMP011,Manish Kumar,Jaipur,North,Printer,Office Equipment,1,13318.62,13318.62,186460.7,Completed,Present,Feb-2026,2,0.07142856376705654,-173142.08000000002
ORD10414,2025-09-01,EMP006,Sneha More,Nagpur,Central,Mouse,Accessories,4,990.53,3962.14,8914.8,Completed,Present,Sep-2025,9,0.44444519226454887,-4952.66
ORD10415,2026-03-02,EMP002,Neha Patil,Pune,West,Monitor,Electronics,7,14075.19,98526.34,239278.26,Completed,Present,Mar-2026,3,0.41176469604885957,-140751.92
ORD10416,2025-07-03,EMP001,Amit Sharma,Pune,West,Office Chair,Furniture,1,7898.93,7898.93,118483.96,Completed,Present,Jul-2025,7,0.06666666104002601,-110585.03
ORD10417,2025-05-14,EMP009,Karan Singh,Delhi,North,Printer,Office Equipment,2,13014.95,26029.89,221254.1,Completed,Present,May-2025,5,0.11764704021304011,-195224.21000000002
ORD10418,2025-09-17,EMP008,Pooja Shinde,Aurangabad,Central,Monitor,Electronics,7,14952.33,104666.3,194380.27,Completed,Present,Sep-2025,9,0.5384615424188886,-89713.96999999999
ORD10419,2026-03-30,EMP013,Arjun Nair,Bengaluru,South,SSD,Electronics,4,6188.0,0.0,92819.93,Cancelled,WFH,Mar-2026,3,0.0,-92819.93
ORD10420,2025-08-07,EMP007,Vikas Pawar,Nagpur,Central,Laptop,Electronics,3,50473.41,151420.23,605680.9,Completed,Present,Aug-2025,8,0.250000008255172,-454260.67000000004
ORD10421,2026-03-25,EMP014,Divya Rao,Bengaluru,South,Laptop,Electronics,2,56089.26,112178.52,616981.86,Completed,Present,Mar-2026,3,0.18181818181818182,-504803.33999999997
ORD10422,2025-07-23,EMP001,Amit Sharma,Pune,West,SSD,Electronics,2,6924.34,13848.68,76167.74,Completed,Present,Jul-2025,7,0.18181818181818182,-62319.060000000005
ORD10423,2025-05-11,EMP009,Karan Singh,Delhi,North,Printer,Office Equipment,2,13401.72,26803.44,174222.36,Pending,Present,May-2025,5,0.15384615384615385,-147418.91999999998
ORD10424,2025-11-07,EMP004,Priya Joshi,Mumbai,West,Printer,Office Equipment,3,12517.48,37552.44,150209.77,Completed,Present,Nov-2025,11,0.24999998335660858,-112657.32999999999
ORD10425,2025-07-18,EMP007,Vikas Pawar,Nagpur,Central,Office Chair,Furniture,7,8944.15,62609.05,107329.8,Completed,Present,Jul-2025,7,0.5833333333333334,-44720.75
ORD10426,2026-03-28,EMP015,Sanjay Iyer,Chennai,South,Monitor,Electronics,4,13583.64,54334.57,203754.64,Completed,Present,Mar-2026,3,0.26666666339475753,-149420.07
ORD10427,2025-07-12,EMP014,Divya Rao,Bengaluru,South,Router,Networking,3,4379.62,13138.87,43796.23,Completed,Present,Jul-2025,7,0.3000000228330155,-30657.36
ORD10428,2026-01-05,EMP008,Pooja Shinde,Aurangabad,Central,Mouse,Accessories,2,987.34,1974.68,14810.07,Completed,Present,Jan-2026,1,0.1333336034198353,-12835.39
ORD10429,2025-09-28,EMP013,Arjun Nair,Bengaluru,South,Printer,Office Equipment,7,11537.7,80763.9,184603.2,Completed,Present,Sep-2025,9,0.43749999999999994,-103839.30000000002
ORD10430,2025-05-24,EMP006,Sneha More,Nagpur,Central,Printer,Office Equipment,1,13439.43,13439.43,188151.96,Completed,Present,May-2025,5,0.07142859420651265,-174712.53
ORD10431,2025-10-29,EMP003,Rahul Deshmukh,Mumbai,West,Keyboard,Accessories,6,1856.31,11137.85,24132.0,Completed,Present,Oct-2025,10,0.4615386209182828,-12994.15
ORD10432,2025-09-16,EMP005,Rohan Kulkarni,Nashik,West,Office Chair,Furniture,2,8113.48,16226.97,97361.81,Completed,Present,Sep-2025,9,0.16666668378494606,-81134.84
ORD10433,2025-10-23,EMP016,Meera Krishnan,Chennai,South,Headset,Accessories,4,2370.0,9480.02,35550.06,Completed,Present,Oct-2025,10,0.2666667791840577,-26070.039999999997
ORD10434,2025-11-27,EMP016,Meera Krishnan,Chennai,South,Office Chair,Furniture,7,8803.36,61623.52,79230.23,Completed,Present,Nov-2025,11,0.7777778759445731,-17606.71
ORD10435,2025-08-17,EMP010,Anjali Verma,Delhi,North,Headset,Accessories,1,2123.24,2123.24,23355.61,Completed,Present,Aug-2025,8,0.09090920768072423,-21232.370000000003
ORD10436,2026-03-23,EMP006,Sneha More,Nagpur,Central,Laptop,Electronics,1,53431.46,53431.46,534314.64,Completed,WFH,Mar-2026,3,0.09999999251377428,-480883.18
ORD10437,2025-06-27,EMP002,Neha Patil,Pune,West,Desk,Furniture,7,12857.23,90000.64,167144.05,Pending,Present,Jun-2025,6,0.5384615246549309,-77143.40999999999
ORD10438,2025-09-14,EMP017,Nikhil Shah,Ahmedabad,West,Monitor,Electronics,3,13185.45,39556.34,210967.15,Completed,Present,Sep-2025,9,0.18749999703745346,-171410.81
ORD10439,2026-02-02,EMP003,Rahul Deshmukh,Mumbai,West,Laptop,Electronics,7,53957.77,377704.4,755408.8,Completed,Present,Feb-2026,2,0.5,-377704.4
ORD10440,2025-12-27,EMP004,Priya Joshi,Mumbai,West,Mouse,Accessories,2,857.75,1715.49,9435.21,Completed,Present,Dec-2025,12,0.18181789276550286,-7719.719999999999
ORD10441,2026-01-14,EMP014,Divya Rao,Bengaluru,South,Monitor,Electronics,5,13304.51,66522.56,199567.69,Completed,Present,Jan-2026,1,0.33333331663056276,-133045.13
ORD10442,2025-09-15,EMP001,Amit Sharma,Pune,West,Printer,Office Equipment,3,12335.09,37005.28,185026.42,Completed,Present,Sep-2025,9,0.19999997838146572,-148021.14
ORD10443,2025-08-25,EMP012,Kavita Mehta,Jaipur,North,SSD,Electronics,1,6034.01,6034.01,66374.11,Completed,Present,Aug-2025,8,0.09090909090909091,-60340.1
ORD10444,2025-04-22,EMP005,Rohan Kulkarni,Nashik,West,Desk,Furniture,7,11953.94,83677.59,167355.19,Completed,Present,Apr-2025,4,0.4999999701234243,-83677.6
ORD10445,2025-06-22,EMP018,Isha Patel,Ahmedabad,West,Mouse,Accessories,4,886.96,3547.85,10643.55,Completed,Present,Jun-2025,6,0.33333333333333337,-7095.699999999999
ORD10446,2025-07-06,EMP005,Rohan Kulkarni,Nashik,West,Router,Networking,4,4669.51,18678.05,60703.65,Completed,Present,Jul-2025,7,0.30769237105182307,-42025.600000000006
ORD10447,2025-05-20,EMP016,Meera Krishnan,Chennai,South,Router,Networking,3,4905.4,14716.19,44148.56,Completed,Present,May-2025,5,0.3333334088359847,-29432.369999999995
ORD10448,2026-01-14,EMP013,Arjun Nair,Bengaluru,South,Mouse,Accessories,6,980.43,5882.56,13725.97,Completed,Present,Jan-2026,1,0.428571532649423,-7843.409999999999
ORD10449,2026-02-04,EMP018,Isha Patel,Ahmedabad,West,SSD,Electronics,1,6997.03,6997.03,118949.53,Completed,WFH,Feb-2026,2,0.0588235195212625,-111952.5
ORD10450,2026-02-16,EMP006,Sneha More,Nagpur,Central,SSD,Electronics,5,6995.38,34976.9,111926.08,Completed,Present,Feb-2026,2,0.3125,-76949.18
ORD10451,2025-11-05,EMP017,Nikhil Shah,Ahmedabad,West,Office Chair,Furniture,3,8576.39,25729.17,77187.5,Completed,Present,Nov-2025,11,0.3333333765182186,-51458.33
ORD10452,2025-08-02,EMP010,Anjali Verma,Delhi,North,Headset,Accessories,6,2037.0,12222.01,28518.01,Completed,Present,Aug-2025,8,0.42857162894605905,-16295.999999999998
ORD10453,2025-11-16,EMP009,Karan Singh,Delhi,North,Headset,Accessories,4,2217.22,8868.89,24389.44,Completed,Present,Nov-2025,11,0.3636364754582311,-15520.55
ORD10454,2026-02-03,EMP002,Neha Patil,Pune,West,Headset,Accessories,3,2127.81,6383.43,36172.79,Completed,Present,Feb-2026,2,0.17647049066439166,-29789.36
ORD10455,2026-02-20,EMP009,Karan Singh,Delhi,North,Mouse,Accessories,3,957.2,2871.6,10529.21,Pending,Present,Feb-2026,2,0.2727270137075811,-7657.609999999999
ORD10456,2025-12-22,EMP015,Sanjay Iyer,Chennai,South,Headset,Accessories,3,2329.67,6989.0,34944.98,Completed,Present,Dec-2025,12,0.20000011446565427,-27955.980000000003
ORD10457,2025-04-25,EMP013,Arjun Nair,Bengaluru,South,Laptop,Electronics,1,50409.34,50409.34,705730.79,Completed,Present,Apr-2025,4,0.07142856839220518,-655321.4500000001
ORD10458,2025-08-16,EMP004,Priya Joshi,Mumbai,West,Router,Networking,5,4853.3,0.0,63092.94,Cancelled,Present,Aug-2025,8,0.0,-63092.94
ORD10459,2026-01-08,EMP018,Isha Patel,Ahmedabad,West,Keyboard,Accessories,4,1862.48,7449.91,29799.62,Completed,Present,Jan-2026,1,0.2500001677873745,-22349.71
ORD10460,2025-07-02,EMP009,Karan Singh,Delhi,North,SSD,Electronics,3,6539.66,19618.98,52317.29,Completed,Present,Jul-2025,7,0.3749999283219754,-32698.31
ORD10461,2025-10-29,EMP013,Arjun Nair,Bengaluru,South,Desk,Furniture,7,11698.36,81888.51,163777.02,Completed,Leave,Oct-2025,10,0.5,-81888.51
ORD10462,2025-06-02,EMP001,Amit Sharma,Pune,West,Router,Networking,6,4553.98,27323.86,40985.79,Completed,Present,Jun-2025,6,0.6666666666666666,-13661.93
ORD10463,2026-02-12,EMP001,Amit Sharma,Pune,West,Monitor,Electronics,6,15533.39,93200.34,264067.64,Pending,Present,Feb-2026,2,0.35294116310502865,-170867.30000000002
ORD10464,2025-09-11,EMP013,Arjun Nair,Bengaluru,South,Desk,Furniture,6,12144.26,72865.55,157875.36,Completed,Present,Sep-2025,9,0.4615384566660688,-85009.80999999998
ORD10465,2025-11-24,EMP008,Pooja Shinde,Aurangabad,Central,Keyboard,Accessories,6,1740.24,10441.44,27843.85,Completed,Present,Nov-2025,11,0.37499986532034907,-17402.409999999996
ORD10466,2026-01-20,EMP017,Nikhil Shah,Ahmedabad,West,Laptop,Electronics,6,54847.95,329087.71,493631.56,Completed,Present,Jan-2026,1,0.6666666734193414,-164543.84999999998
ORD10467,2025-05-28,EMP011,Manish Kumar,Jaipur,North,Headset,Accessories,2,2177.77,4355.55,19599.97,Completed,WFH,May-2025,5,0.2222222789116514,-15244.420000000002
ORD10468,2025-07-01,EMP018,Isha Patel,Ahmedabad,West,Monitor,Electronics,7,13813.12,96691.84,234823.04,Completed,Present,Jul-2025,7,0.4117647058823529,-138131.2
ORD10469,2025-12-12,EMP007,Vikas Pawar,Nagpur,Central,Headset,Accessories,4,2063.17,8252.69,16505.37,Completed,Present,Dec-2025,12,0.5000003029317126,-8252.679999999998
ORD10470,2025-11-28,EMP001,Amit Sharma,Pune,West,Headset,Accessories,6,2024.3,12145.83,24291.66,Completed,WFH,Nov-2025,11,0.5,-12145.83
ORD10471,2025-11-28,EMP007,Vikas Pawar,Nagpur,Central,Keyboard,Accessories,5,1887.78,9438.91,18877.82,Completed,Present,Nov-2025,11,0.5,-9438.91
ORD10472,2025-10-13,EMP012,Kavita Mehta,Jaipur,North,Desk,Furniture,2,12455.0,24909.99,149459.95,Completed,Present,Oct-2025,10,0.1666666555154073,-124549.96
ORD10473,2026-03-10,EMP013,Arjun Nair,Bengaluru,South,Office Chair,Furniture,6,9048.1,54288.58,108577.16,Completed,Present,Mar-2026,3,0.5,-54288.58
ORD10474,2026-03-28,EMP007,Vikas Pawar,Nagpur,Central,Laptop,Electronics,1,47760.04,47760.04,764160.58,Completed,Present,Mar-2026,3,0.06250000490734553,-716400.5399999999
ORD10475,2025-05-09,EMP009,Karan Singh,Delhi,North,Headset,Accessories,5,2248.07,11240.34,17984.55,Completed,Present,May-2025,5,0.6249997914876937,-6744.209999999999
ORD10476,2026-02-07,EMP009,Karan Singh,Delhi,North,Printer,Office Equipment,7,11653.32,81573.24,128186.52,Completed,Present,Feb-2026,2,0.6363636363636364,-46613.28
ORD10477,2025-12-03,EMP008,Pooja Shinde,Aurangabad,Central,Printer,Office Equipment,2,12446.75,24893.5,112020.75,Completed,Present,Dec-2025,12,0.2222222222222222,-87127.25
ORD10478,2025-10-26,EMP011,Manish Kumar,Jaipur,North,SSD,Electronics,3,6132.6,18397.79,104254.17,Completed,Present,Oct-2025,10,0.17647054309674137,-85856.38
ORD10479,2025-09-09,EMP009,Karan Singh,Delhi,North,SSD,Electronics,4,6213.87,24855.49,86994.22,Completed,Present,Sep-2025,9,0.2857142692928335,-62138.729999999996
ORD10480,2025-08-25,EMP015,Sanjay Iyer,Chennai,South,Desk,Furniture,3,12502.98,37508.93,100023.81,Completed,Present,Aug-2025,8,0.37500001249702447,-62514.88
ORD10481,2026-02-24,EMP008,Pooja Shinde,Aurangabad,Central,SSD,Electronics,1,6088.29,6088.29,54794.61,Completed,Leave,Feb-2026,2,0.1111111111111111,-48706.32
ORD10482,2025-07-02,EMP016,Meera Krishnan,Chennai,South,Laptop,Electronics,5,47897.03,239485.14,670558.4,Completed,Present,Jul-2025,7,0.35714285288201597,-431073.26
ORD10483,2025-06-10,EMP013,Arjun Nair,Bengaluru,South,Printer,Office Equipment,2,13265.27,26530.54,185713.76,Completed,WFH,Jun-2025,6,0.14285715824180178,-159183.22
ORD10484,2025-10-10,EMP017,Nikhil Shah,Ahmedabad,West,Laptop,Electronics,3,47446.27,142338.81,474462.7,Completed,Present,Oct-2025,10,0.3,-332123.89
ORD10485,2026-01-07,EMP016,Meera Krishnan,Chennai,South,Router,Networking,6,4945.06,29670.33,74175.83,Completed,Present,Jan-2026,1,0.39999997303703916,-44505.5
ORD10486,2025-06-25,EMP016,Meera Krishnan,Chennai,South,Router,Networking,3,4430.06,13290.19,57590.8,Completed,Present,Jun-2025,6,0.23076932426707042,-44300.61
ORD10487,2026-03-05,EMP002,Neha Patil,Pune,West,Router,Networking,5,4738.47,23692.37,56861.68,Completed,Present,Mar-2026,3,0.41666672528845433,-33169.31
ORD10488,2025-08-24,EMP016,Meera Krishnan,Chennai,South,Monitor,Electronics,6,14300.87,85805.21,228813.9,Completed,Present,Aug-2025,8,0.3749999890740904,-143008.69
ORD10489,2025-07-25,EMP017,Nikhil Shah,Ahmedabad,West,Monitor,Electronics,2,14389.89,28779.78,187068.58,Completed,WFH,Jul-2025,7,0.15384614562210286,-158288.8
ORD10490,2025-08-01,EMP010,Anjali Verma,Delhi,North,Keyboard,Accessories,3,1642.68,4928.04,24640.22,Completed,Present,Aug-2025,8,0.1999998376637871,-19712.18
ORD10491,2025-05-30,EMP011,Manish Kumar,Jaipur,North,SSD,Electronics,7,6679.26,46754.79,60113.3,Completed,Present,May-2025,5,0.7777777962613931,-13358.510000000002
ORD10492,2026-03-14,EMP002,Neha Patil,Pune,West,Desk,Furniture,7,11359.48,79516.36,124954.28,Completed,Present,Mar-2026,3,0.6363636363636364,-45437.92
ORD10493,2026-03-23,EMP016,Meera Krishnan,Chennai,South,Office Chair,Furniture,2,8810.51,17621.02,88105.08,Completed,Present,Mar-2026,3,0.20000004540033334,-70484.06
ORD10494,2025-04-29,EMP007,Vikas Pawar,Nagpur,Central,Router,Networking,7,5089.31,35625.2,86518.33,Pending,Present,Apr-2025,4,0.41176476707305837,-50893.130000000005
ORD10495,2026-01-02,EMP004,Priya Joshi,Mumbai,West,SSD,Electronics,5,6483.73,32418.63,110223.35,Completed,Present,Jan-2026,1,0.29411762571179334,-77804.72
ORD10496,2025-12-23,EMP016,Meera Krishnan,Chennai,South,Desk,Furniture,3,11667.09,35001.27,105003.8,Completed,Leave,Dec-2025,12,0.3333333650782162,-70002.53
ORD10497,2026-01-25,EMP011,Manish Kumar,Jaipur,North,Laptop,Electronics,2,53316.02,106632.04,533160.22,Pending,Present,Jan-2026,1,0.1999999924975648,-426528.18
ORD10498,2025-11-10,EMP017,Nikhil Shah,Ahmedabad,West,Headset,Accessories,1,2084.57,2084.57,27099.39,Completed,Present,Nov-2025,11,0.07692313369415327,-25014.82
ORD10499,2025-09-20,EMP014,Divya Rao,Bengaluru,South,Mouse,Accessories,7,900.25,6301.77,12603.54,Completed,Present,Sep-2025,9,0.5,-6301.77
ORD10500,2026-01-04,EMP006,Sneha More,Nagpur,Central,Desk,Furniture,4,12990.74,51962.96,142898.15,Completed,Present,Jan-2026,1,0.36363633818912283,-90935.19
ORD10501,2025-12-13,EMP005,Rohan Kulkarni,Nashik,West,Headset,Accessories,6,2144.44,12866.61,21444.35,Pending,Present,Dec-2025,12,0.6000000000000001,-8577.739999999998
ORD10502,2026-01-27,EMP018,Isha Patel,Ahmedabad,West,Headset,Accessories,1,2335.58,2335.58,35033.64,Completed,Leave,Jan-2026,1,0.06666678084264153,-32698.059999999998
ORD10503,2025-07-13,EMP013,Arjun Nair,Bengaluru,South,Headset,Accessories,2,2314.57,4629.14,18516.55,Completed,Present,Jul-2025,7,0.25000013501435203,-13887.41
ORD10504,2025-09-23,EMP012,Kavita Mehta,Jaipur,North,SSD,Electronics,3,7017.23,21051.68,70172.25,Completed,Present,Sep-2025,9,0.3000000712532376,-49120.57
ORD10505,2025-12-25,EMP017,Nikhil Shah,Ahmedabad,West,Keyboard,Accessories,4,1908.91,7635.66,22906.97,Completed,Present,Dec-2025,12,0.3333334788494506,-15271.310000000001
ORD10506,2026-01-29,EMP003,Rahul Deshmukh,Mumbai,West,Headset,Accessories,6,1986.79,11920.75,29801.87,Completed,Present,Jan-2026,1,0.40000006710988273,-17881.12
ORD10507,2025-09-30,EMP015,Sanjay Iyer,Chennai,South,SSD,Electronics,3,6947.94,20843.83,83375.33,Pending,Present,Sep-2025,9,0.2499999700151112,-62531.5
ORD10508,2025-04-25,EMP004,Priya Joshi,Mumbai,West,Keyboard,Accessories,3,1839.06,5517.19,29425.03,Completed,Present,Apr-2025,4,0.18749989379789928,-23907.84
ORD10509,2025-08-17,EMP014,Divya Rao,Bengaluru,South,Monitor,Electronics,7,14664.36,0.0,175972.27,Cancelled,WFH,Aug-2025,8,0.0,-175972.27
ORD10510,2025-12-02,EMP017,Nikhil Shah,Ahmedabad,West,SSD,Electronics,4,6949.72,27798.88,62547.48,Completed,Leave,Dec-2025,12,0.4444444444444444,-34748.600000000006
ORD10511,2025-06-14,EMP012,Kavita Mehta,Jaipur,North,Printer,Office Equipment,7,12804.49,89631.42,204871.82,Completed,Present,Jun-2025,6,0.437499993898624,-115240.40000000001
ORD10512,2026-03-05,EMP001,Amit Sharma,Pune,West,Office Chair,Furniture,4,8283.16,33132.62,124247.34,Completed,Present,Mar-2026,3,0.2666666344728185,-91114.72
ORD10513,2025-10-26,EMP014,Divya Rao,Bengaluru,South,Monitor,Electronics,4,14838.88,59355.53,118711.05,Completed,Present,Oct-2025,10,0.5000000421190782,-59355.520000000004
ORD10514,2025-12-24,EMP008,Pooja Shinde,Aurangabad,Central,Headset,Accessories,4,2360.52,9442.1,23605.24,Completed,WFH,Dec-2025,12,0.4000001694539009,-14163.140000000001
ORD10515,2025-04-13,EMP013,Arjun Nair,Bengaluru,South,Monitor,Electronics,5,15226.2,76130.98,137035.77,Pending,Present,Apr-2025,4,0.5555555312310063,-60904.78999999999
ORD10516,2026-03-30,EMP008,Pooja Shinde,Aurangabad,Central,Headset,Accessories,4,1992.57,7970.28,29888.56,Completed,Leave,Mar-2026,3,0.266666577446354,-21918.280000000002
ORD10517,2026-03-06,EMP016,Meera Krishnan,Chennai,South,Office Chair,Furniture,5,9143.57,45717.83,137153.49,Completed,Present,Mar-2026,3,0.33333333333333337,-91435.65999999999
ORD10518,2025-06-27,EMP009,Karan Singh,Delhi,North,Keyboard,Accessories,3,1629.73,4889.19,27705.38,Completed,Present,Jun-2025,6,0.17647077932156136,-22816.190000000002
ORD10519,2026-02-07,EMP008,Pooja Shinde,Aurangabad,Central,Printer,Office Equipment,6,11537.86,69227.15,161530.01,Completed,Present,Feb-2026,2,0.4285714462594288,-92302.86000000002
ORD10520,2025-12-29,EMP010,Anjali Verma,Delhi,North,Keyboard,Accessories,6,1744.93,10469.6,15704.4,Completed,Present,Dec-2025,12,0.6666666666666667,-5234.799999999999
ORD10521,2025-12-07,EMP018,Isha Patel,Ahmedabad,West,Headset,Accessories,2,2009.63,4019.26,24115.55,Completed,WFH,Dec-2025,12,0.16666673577836708,-20096.29
ORD10522,2026-01-21,EMP008,Pooja Shinde,Aurangabad,Central,Desk,Furniture,4,11876.33,47505.32,178144.94,Completed,Present,Jan-2026,1,0.2666666816357512,-130639.62
ORD10523,2025-07-02,EMP010,Anjali Verma,Delhi,North,Office Chair,Furniture,4,8193.64,32774.56,90130.03,Completed,Present,Jul-2025,7,0.3636364039821134,-57355.47
ORD10524,2025-11-09,EMP018,Isha Patel,Ahmedabad,West,Headset,Accessories,7,2370.74,16595.21,35561.17,Completed,Present,Nov-2025,11,0.46666659167850777,-18965.96
ORD10525,2025-04-11,EMP014,Divya Rao,Bengaluru,South,Printer,Office Equipment,6,13006.25,78037.51,195093.77,Completed,Present,Apr-2025,4,0.4000000102514806,-117056.26
ORD10526,2026-03-09,EMP017,Nikhil Shah,Ahmedabad,West,Laptop,Electronics,7,56012.43,392087.04,952211.39,Pending,Present,Mar-2026,3,0.4117647027935677,-560124.3500000001
ORD10527,2025-10-01,EMP002,Neha Patil,Pune,West,Router,Networking,6,4946.41,29678.43,44517.65,Completed,Present,Oct-2025,10,0.6666665917899979,-14839.220000000001
ORD10528,2025-07-15,EMP015,Sanjay Iyer,Chennai,South,Office Chair,Furniture,7,8510.71,59574.97,136171.35,Pending,Present,Jul-2025,7,0.4375000321286379,-76596.38
ORD10529,2025-06-21,EMP013,Arjun Nair,Bengaluru,South,Router,Networking,7,4803.48,33624.33,62445.19,Pending,Present,Jun-2025,6,0.5384614891875579,-28820.86
ORD10530,2025-11-13,EMP016,Meera Krishnan,Chennai,South,Monitor,Electronics,7,14873.16,104112.15,237970.64,Completed,Leave,Nov-2025,11,0.43749997898900467,-133858.49000000002
ORD10531,2026-03-31,EMP017,Nikhil Shah,Ahmedabad,West,Laptop,Electronics,5,51574.99,257874.94,825199.82,Completed,Leave,Mar-2026,3,0.31249999545564616,-567324.8799999999
ORD10532,2026-02-04,EMP004,Priya Joshi,Mumbai,West,Office Chair,Furniture,1,8784.65,8784.65,114200.48,Completed,Present,Feb-2026,2,0.07692305671569857,-105415.83
ORD10533,2025-05-23,EMP003,Rahul Deshmukh,Mumbai,West,Keyboard,Accessories,5,1751.72,8758.62,22772.42,Completed,Present,May-2025,5,0.3846152494991749,-14013.799999999997
ORD10534,2025-12-03,EMP008,Pooja Shinde,Aurangabad,Central,Router,Networking,6,4643.61,27861.66,46436.1,Pending,Leave,Dec-2025,12,0.6,-18574.44
ORD10535,2025-06-15,EMP017,Nikhil Shah,Ahmedabad,West,Printer,Office Equipment,6,13474.17,80845.04,215586.78,Completed,Present,Jun-2025,6,0.3749999884037416,-134741.74
ORD10536,2025-06-23,EMP007,Vikas Pawar,Nagpur,Central,Headset,Accessories,4,1980.26,7921.03,33664.4,Completed,Present,Jun-2025,6,0.23529396038545167,-25743.370000000003
ORD10537,2025-10-22,EMP017,Nikhil Shah,Ahmedabad,West,Headset,Accessories,4,2161.5,8645.98,17291.97,Completed,Present,Oct-2025,10,0.4999997108484458,-8645.990000000002
ORD10538,2025-11-05,EMP013,Arjun Nair,Bengaluru,South,Office Chair,Furniture,6,8583.21,51499.26,145914.58,Completed,Present,Nov-2025,11,0.3529411522823833,-94415.31999999998
ORD10539,2025-11-15,EMP017,Nikhil Shah,Ahmedabad,West,Router,Networking,5,4453.48,22267.41,40081.33,Completed,Present,Nov-2025,11,0.5555556664412084,-17813.920000000002
ORD10540,2026-01-11,EMP007,Vikas Pawar,Nagpur,Central,Monitor,Electronics,5,14898.2,74490.99,134083.78,Completed,Present,Jan-2026,1,0.5555555638422486,-59592.78999999999
ORD10541,2025-08-27,EMP016,Meera Krishnan,Chennai,South,Office Chair,Furniture,1,8431.19,8431.19,92743.07,Completed,Present,Aug-2025,8,0.09090911051359417,-84311.88
ORD10542,2026-03-30,EMP001,Amit Sharma,Pune,West,Router,Networking,4,5122.12,20488.49,40976.99,Completed,Present,Mar-2026,3,0.4999998779803007,-20488.499999999996
ORD10543,2025-10-25,EMP009,Karan Singh,Delhi,North,Laptop,Electronics,5,47844.51,239222.55,765512.17,Completed,Leave,Oct-2025,10,0.3124999959177657,-526289.6200000001
ORD10544,2025-12-24,EMP001,Amit Sharma,Pune,West,Desk,Furniture,2,12132.21,24264.42,169850.95,Completed,Present,Dec-2025,12,0.14285713444640727,-145586.53000000003
ORD10545,2025-11-07,EMP008,Pooja Shinde,Aurangabad,Central,Office Chair,Furniture,6,8209.81,49258.83,106727.47,Completed,Present,Nov-2025,11,0.46153843991617155,-57468.64
ORD10546,2026-02-04,EMP008,Pooja Shinde,Aurangabad,Central,Router,Networking,1,4522.54,4522.54,67838.16,Completed,WFH,Feb-2026,2,0.06666660770280326,-63315.62
ORD10547,2025-06-02,EMP008,Pooja Shinde,Aurangabad,Central,Keyboard,Accessories,7,1706.02,11942.15,13648.17,Completed,Present,Jun-2025,6,0.8750000915873702,-1706.0200000000004
ORD10548,2025-04-28,EMP002,Neha Patil,Pune,West,Headset,Accessories,7,2217.45,15522.17,24391.98,Completed,Present,Apr-2025,4,0.6363636736337107,-8869.81
ORD10549,2026-01-24,EMP004,Priya Joshi,Mumbai,West,SSD,Electronics,5,5862.03,29310.16,46896.26,Completed,Present,Jan-2026,1,0.6249999466908448,-17586.100000000002
ORD10550,2025-06-22,EMP003,Rahul Deshmukh,Mumbai,West,Desk,Furniture,3,13161.45,39484.36,223744.68,Completed,Present,Jun-2025,6,0.17647060926767064,-184260.32
ORD10551,2025-10-25,EMP018,Isha Patel,Ahmedabad,West,Mouse,Accessories,6,865.57,5193.42,13849.11,Completed,Present,Oct-2025,10,0.3750002707755227,-8655.69
ORD10552,2026-01-12,EMP014,Divya Rao,Bengaluru,South,Router,Networking,7,4753.31,33273.18,80806.3,Completed,Present,Jan-2026,1,0.4117646767640642,-47533.12
ORD10553,2025-06-12,EMP008,Pooja Shinde,Aurangabad,Central,SSD,Electronics,3,6908.1,20724.3,82897.21,Completed,WFH,Jun-2025,6,0.24999996984216957,-62172.91
ORD10554,2025-07-22,EMP015,Sanjay Iyer,Chennai,South,Keyboard,Accessories,4,1900.25,7600.99,32304.21,Completed,Present,Jul-2025,7,0.2352940994378132,-24703.22
ORD10555,2026-03-06,EMP012,Kavita Mehta,Jaipur,North,Office Chair,Furniture,4,8130.23,32520.93,113823.27,Completed,Present,Mar-2026,3,0.2857142480619297,-81302.34
ORD10556,2025-06-05,EMP003,Rahul Deshmukh,Mumbai,West,SSD,Electronics,5,6353.05,31765.25,50824.4,Pending,Present,Jun-2025,6,0.625,-19059.15
ORD10557,2026-01-19,EMP015,Sanjay Iyer,Chennai,South,SSD,Electronics,2,6010.39,12020.79,96166.31,Completed,Present,Jan-2026,1,0.12500001299831512,-84145.51999999999
ORD10558,2025-06-09,EMP017,Nikhil Shah,Ahmedabad,West,Office Chair,Furniture,4,8539.57,34158.27,102474.82,Pending,Present,Jun-2025,6,0.3333333008050172,-68316.55000000002
ORD10559,2025-08-29,EMP003,Rahul Deshmukh,Mumbai,West,Desk,Furniture,2,12511.3,25022.61,137624.35,Completed,Present,Aug-2025,8,0.1818181884237782,-112601.74
ORD10560,2025-05-31,EMP005,Rohan Kulkarni,Nashik,West,SSD,Electronics,5,5938.52,29692.62,71262.28,Completed,WFH,May-2025,5,0.4166667134422306,-41569.66
ORD10561,2026-03-15,EMP005,Rohan Kulkarni,Nashik,West,Router,Networking,3,4833.95,14501.84,38671.59,Completed,Present,Mar-2026,3,0.37499983838264733,-24169.749999999996
ORD10562,2025-12-23,EMP012,Kavita Mehta,Jaipur,North,Office Chair,Furniture,2,8857.92,17715.85,132868.85,Completed,WFH,Dec-2025,12,0.13333335842072838,-115153.0
ORD10563,2025-11-06,EMP009,Karan Singh,Delhi,North,Office Chair,Furniture,7,8846.54,61925.76,132698.07,Completed,Present,Nov-2025,11,0.4666666214512389,-70772.31
ORD10564,2025-05-22,EMP012,Kavita Mehta,Jaipur,North,Laptop,Electronics,7,48842.91,341900.39,586114.95,Completed,Present,May-2025,5,0.5833333375987083,-244214.55999999994
ORD10565,2025-10-08,EMP010,Anjali Verma,Delhi,North,Headset,Accessories,2,2306.13,4612.25,18449.01,Completed,Leave,Oct-2025,10,0.24999986449137382,-13836.759999999998
ORD10566,2025-10-25,EMP008,Pooja Shinde,Aurangabad,Central,Laptop,Electronics,1,52016.43,52016.43,416131.42,Pending,Present,Oct-2025,10,0.12500000600771746,-364114.99
ORD10567,2025-12-18,EMP003,Rahul Deshmukh,Mumbai,West,Desk,Furniture,5,12547.06,62735.31,100376.5,Completed,Present,Dec-2025,12,0.6249999750937719,-37641.19
ORD10568,2025-05-30,EMP006,Sneha More,Nagpur,Central,Printer,Office Equipment,6,11422.28,68533.67,159911.9,Completed,Present,May-2025,5,0.42857141963793816,-91378.23
ORD10569,2025-04-05,EMP006,Sneha More,Nagpur,Central,Headset,Accessories,3,2239.94,6719.81,20159.44,Completed,Leave,Apr-2025,4,0.33333316798482504,-13439.629999999997
ORD10570,2025-04-13,EMP007,Vikas Pawar,Nagpur,Central,Office Chair,Furniture,7,8587.58,60113.04,85875.78,Completed,Present,Apr-2025,4,0.699999930131639,-25762.739999999998
ORD10571,2025-07-09,EMP003,Rahul Deshmukh,Mumbai,West,SSD,Electronics,4,6803.17,27212.66,54425.32,Pending,WFH,Jul-2025,7,0.5,-27212.66
ORD10572,2026-03-21,EMP004,Priya Joshi,Mumbai,West,Headset,Accessories,2,2192.96,4385.92,26315.54,Completed,Present,Mar-2026,3,0.16666653999879918,-21929.620000000003
ORD10573,2026-02-18,EMP008,Pooja Shinde,Aurangabad,Central,Mouse,Accessories,5,892.64,4463.18,8033.72,Completed,Present,Feb-2026,2,0.5555558321674143,-3570.54
ORD10574,2026-01-05,EMP015,Sanjay Iyer,Chennai,South,Router,Networking,7,4510.47,31573.26,67656.98,Completed,Present,Jan-2026,1,0.46666670608117594,-36083.72
ORD10575,2025-07-12,EMP010,Anjali Verma,Delhi,North,Router,Networking,3,4398.95,13196.84,57186.31,Completed,Present,Jul-2025,7,0.23076921731792102,-43989.47
ORD10576,2025-11-07,EMP007,Vikas Pawar,Nagpur,Central,Monitor,Electronics,3,15382.28,46146.85,215351.95,Pending,Present,Nov-2025,11,0.21428573086986208,-169205.1
ORD10577,2025-07-31,EMP014,Divya Rao,Bengaluru,South,Mouse,Accessories,5,1011.48,5057.38,17195.08,Pending,Present,Jul-2025,7,0.294117852315895,-12137.7
ORD10578,2025-07-05,EMP009,Karan Singh,Delhi,North,Printer,Office Equipment,2,12539.34,25078.69,188090.17,Completed,Present,Jul-2025,7,0.1333333368777326,-163011.48
ORD10579,2025-08-17,EMP011,Manish Kumar,Jaipur,North,Laptop,Electronics,4,49835.88,199343.51,398687.01,Completed,Present,Aug-2025,8,0.5000000125411661,-199343.5
ORD10580,2025-10-31,EMP006,Sneha More,Nagpur,Central,Keyboard,Accessories,6,1662.9,9977.39,21617.69,Completed,Present,Oct-2025,10,0.4615382124547072,-11640.3
ORD10581,2025-12-07,EMP010,Anjali Verma,Delhi,North,Keyboard,Accessories,1,1815.54,1815.54,25417.61,Completed,Present,Dec-2025,12,0.07142843091856393,-23602.07
ORD10582,2025-12-07,EMP009,Karan Singh,Delhi,North,Router,Networking,7,4376.76,30637.31,52521.1,Completed,Present,Dec-2025,12,0.5833333650666114,-21883.789999999997
ORD10583,2025-04-30,EMP002,Neha Patil,Pune,West,Desk,Furniture,7,12953.89,90677.21,220216.07,Completed,Present,Apr-2025,4,0.4117647272517396,-129538.86
ORD10584,2025-08-05,EMP009,Karan Singh,Delhi,North,Router,Networking,6,4457.92,26747.5,40121.24,Completed,Present,Aug-2025,8,0.6666668328296932,-13373.739999999998
ORD10585,2025-06-24,EMP013,Arjun Nair,Bengaluru,South,Office Chair,Furniture,7,8054.71,56382.96,72492.38,Pending,Present,Jun-2025,6,0.7777777471232148,-16109.420000000006
ORD10586,2025-05-24,EMP011,Manish Kumar,Jaipur,North,Laptop,Electronics,3,50477.5,151432.49,605729.98,Completed,WFH,May-2025,5,0.2499999917454969,-454297.49
ORD10587,2026-03-30,EMP011,Manish Kumar,Jaipur,North,SSD,Electronics,4,6276.01,0.0,69036.13,Cancelled,Present,Mar-2026,3,0.0,-69036.13
ORD10588,2026-02-09,EMP015,Sanjay Iyer,Chennai,South,Desk,Furniture,7,11546.92,80828.45,161656.91,Completed,Present,Feb-2026,2,0.4999999690702983,-80828.46
ORD10589,2025-04-12,EMP013,Arjun Nair,Bengaluru,South,Laptop,Electronics,7,48899.62,342297.35,733494.33,Completed,Present,Apr-2025,4,0.46666666121331846,-391196.98
ORD10590,2025-06-29,EMP016,Meera Krishnan,Chennai,South,Mouse,Accessories,4,863.65,3454.58,10363.75,Completed,Present,Jun-2025,6,0.33333301169943313,-6909.17
ORD10591,2025-06-10,EMP013,Arjun Nair,Bengaluru,South,Mouse,Accessories,4,984.8,3939.22,9848.04,Completed,Present,Jun-2025,6,0.40000040617219257,-5908.8200000000015
ORD10592,2025-12-31,EMP013,Arjun Nair,Bengaluru,South,SSD,Electronics,5,6792.36,33961.78,95092.98,Completed,Present,Dec-2025,12,0.3571428721657477,-61131.2
ORD10593,2026-02-20,EMP004,Priya Joshi,Mumbai,West,Monitor,Electronics,6,13377.73,80266.36,120399.54,Completed,Present,Feb-2026,2,0.6666666666666667,-40133.17999999999
ORD10594,2025-05-15,EMP002,Neha Patil,Pune,West,Headset,Accessories,5,2116.55,10582.74,23282.03,Pending,Present,May-2025,5,0.45454541549856264,-12699.289999999999
ORD10595,2025-11-17,EMP006,Sneha More,Nagpur,Central,Headset,Accessories,4,2246.26,8985.06,35940.22,Completed,Present,Nov-2025,11,0.2500001391199052,-26955.160000000003
ORD10596,2025-05-20,EMP018,Isha Patel,Ahmedabad,West,Printer,Office Equipment,4,12726.87,50907.47,152722.42,Completed,Present,May-2025,5,0.333333311507243,-101814.95000000001
ORD10597,2026-01-25,EMP002,Neha Patil,Pune,West,SSD,Electronics,1,6032.76,6032.76,84458.58,Completed,Present,Jan-2026,1,0.07142862217195696,-78425.82
ORD10598,2025-09-06,EMP003,Rahul Deshmukh,Mumbai,West,Router,Networking,5,5068.31,0.0,50683.12,Cancelled,Present,Sep-2025,9,0.0,-50683.12
ORD10599,2025-10-04,EMP010,Anjali Verma,Delhi,North,Monitor,Electronics,2,13912.04,27824.09,111296.34,Completed,Present,Oct-2025,10,0.25000004492510713,-83472.25
ORD10600,2025-12-01,EMP011,Manish Kumar,Jaipur,North,Desk,Furniture,1,11540.64,11540.64,138487.71,Completed,Present,Dec-2025,12,0.08333331528118994,-126947.06999999999
ORD10601,2026-01-31,EMP012,Kavita Mehta,Jaipur,North,Laptop,Electronics,1,51407.29,51407.29,411258.36,Completed,Present,Jan-2026,1,0.12499998784219245,-359851.07
ORD10602,2025-10-16,EMP002,Neha Patil,Pune,West,SSD,Electronics,4,5970.33,23881.3,101495.54,Completed,Present,Oct-2025,10,0.23529408287300113,-77614.23999999999
ORD10603,2026-02-25,EMP013,Arjun Nair,Bengaluru,South,Keyboard,Accessories,4,1669.18,6676.7,13353.4,Pending,Present,Feb-2026,2,0.5,-6676.7
ORD10604,2026-02-10,EMP006,Sneha More,Nagpur,Central,Router,Networking,5,4720.95,23604.77,80256.21,Completed,Present,Feb-2026,2,0.29411767637669406,-56651.44
ORD10605,2026-03-27,EMP010,Anjali Verma,Delhi,North,Printer,Office Equipment,6,11544.69,69268.15,150080.98,Completed,Present,Mar-2026,3,0.46153849741652797,-80812.83000000002
ORD10606,2026-01-08,EMP009,Karan Singh,Delhi,North,Monitor,Electronics,2,14600.71,29201.42,219010.65,Completed,Present,Jan-2026,1,0.13333333333333333,-189809.22999999998
ORD10607,2025-04-10,EMP002,Neha Patil,Pune,West,Mouse,Accessories,7,962.97,6740.76,7703.72,Completed,Present,Apr-2025,4,0.8750006490370886,-962.96
ORD10608,2025-09-06,EMP014,Divya Rao,Bengaluru,South,Monitor,Electronics,5,15153.6,75768.02,181843.26,Completed,Present,Sep-2025,9,0.4166666391704592,-106075.24
ORD10609,2026-01-05,EMP010,Anjali Verma,Delhi,North,Printer,Office Equipment,2,11536.84,23073.69,103831.59,Pending,Present,Jan-2026,1,0.22222225432548995,-80757.9
ORD10610,2025-05-06,EMP013,Arjun Nair,Bengaluru,South,Mouse,Accessories,6,944.86,5669.13,10393.41,Completed,Present,May-2025,5,0.5454542830505099,-4724.28
ORD10611,2025-09-11,EMP018,Isha Patel,Ahmedabad,West,Headset,Accessories,3,2080.44,6241.32,24965.28,Completed,Present,Sep-2025,9,0.25,-18723.96
ORD10612,2025-11-17,EMP014,Divya Rao,Bengaluru,South,Headset,Accessories,4,2108.12,8432.47,29513.65,Completed,Present,Nov-2025,11,0.2857142373105325,-21081.18
ORD10613,2026-01-13,EMP015,Sanjay Iyer,Chennai,South,Laptop,Electronics,1,51111.87,51111.87,460006.83,Completed,Leave,Jan-2026,1,0.11111111111111112,-408894.96
ORD10614,2026-03-09,EMP008,Pooja Shinde,Aurangabad,Central,Laptop,Electronics,5,53465.6,267328.01,427724.82,Completed,Present,Mar-2026,3,0.6249999941551206,-160396.81
ORD10615,2025-10-07,EMP008,Pooja Shinde,Aurangabad,Central,Mouse,Accessories,3,1008.69,3026.08,13113.01,Completed,Present,Oct-2025,10,0.23076928943087818,-10086.93
ORD10616,2026-02-19,EMP008,Pooja Shinde,Aurangabad,Central,Office Chair,Furniture,1,8131.83,8131.83,113845.55,Completed,Present,Feb-2026,2,0.0714286153477233,-105713.72
ORD10617,2025-05-24,EMP011,Manish Kumar,Jaipur,North,Headset,Accessories,2,2006.06,4012.12,22066.68,Completed,Present,May-2025,5,0.18181801702838848,-18054.56
ORD10618,2025-05-28,EMP015,Sanjay Iyer,Chennai,South,Laptop,Electronics,1,51377.37,51377.37,565151.12,Completed,Present,May-2025,5,0.09090908286618984,-513773.75
ORD10619,2025-09-08,EMP003,Rahul Deshmukh,Mumbai,West,Keyboard,Accessories,5,1807.43,9037.16,19881.75,Completed,Present,Sep-2025,9,0.4545455002703484,-10844.59
ORD10620,2025-12-16,EMP006,Sneha More,Nagpur,Central,Router,Networking,6,4585.71,27514.23,55028.47,Completed,Present,Dec-2025,12,0.49999990913794257,-27514.24
ORD10621,2025-10-17,EMP010,Anjali Verma,Delhi,North,SSD,Electronics,3,6409.83,19229.5,102557.35,Completed,Present,Oct-2025,10,0.18749996952924386,-83327.85
ORD10622,2025-05-09,EMP012,Kavita Mehta,Jaipur,North,Office Chair,Furniture,6,7723.58,46341.49,131300.88,Pending,Present,May-2025,5,0.35294119887086817,-84959.39000000001
ORD10623,2025-12-31,EMP006,Sneha More,Nagpur,Central,Mouse,Accessories,6,966.65,0.0,7733.24,Cancelled,Present,Dec-2025,12,0.0,-7733.24
ORD10624,2025-05-22,EMP015,Sanjay Iyer,Chennai,South,Desk,Furniture,7,12692.17,88845.21,139613.9,Completed,Present,May-2025,5,0.6363636428751006,-50768.68999999999
ORD10625,2025-08-18,EMP011,Manish Kumar,Jaipur,North,Keyboard,Accessories,5,1791.63,8958.14,21499.53,Completed,Present,Aug-2025,8,0.4166667829482784,-12541.39
ORD10626,2025-06-28,EMP004,Priya Joshi,Mumbai,West,Laptop,Electronics,7,51051.16,357358.11,663665.07,Completed,Present,Jun-2025,6,0.5384615315071501,-306306.95999999996
ORD10627,2025-04-28,EMP011,Manish Kumar,Jaipur,North,Router,Networking,2,5024.82,10049.65,50248.25,Completed,Present,Apr-2025,4,0.19999999999999998,-40198.6
ORD10628,2025-05-05,EMP017,Nikhil Shah,Ahmedabad,West,Keyboard,Accessories,6,1734.93,0.0,26023.98,Cancelled,Present,May-2025,5,0.0,-26023.98
ORD10629,2025-05-17,EMP006,Sneha More,Nagpur,Central,Office Chair,Furniture,1,9088.97,9088.97,118156.62,Completed,Present,May-2025,5,0.0769230704128131,-109067.65
ORD10630,2026-02-24,EMP010,Anjali Verma,Delhi,North,Router,Networking,7,4773.82,33416.76,42964.41,Completed,Present,Feb-2026,2,0.7777777001941839,-9547.650000000001
ORD10631,2025-04-01,EMP012,Kavita Mehta,Jaipur,North,Printer,Office Equipment,4,11615.99,46463.95,92927.89,Completed,Present,Apr-2025,4,0.5000000538051601,-46463.94
ORD10632,2025-12-16,EMP001,Amit Sharma,Pune,West,Office Chair,Furniture,6,8206.38,49238.26,82063.77,Completed,Present,Dec-2025,12,0.5999999756287092,-32825.51
ORD10633,2026-01-17,EMP018,Isha Patel,Ahmedabad,West,Mouse,Accessories,3,971.01,2913.02,15536.08,Completed,Present,Jan-2026,1,0.18750032183150447,-12623.06
ORD10634,2025-04-16,EMP003,Rahul Deshmukh,Mumbai,West,Mouse,Accessories,5,868.79,4343.93,14769.35,Completed,Present,Apr-2025,4,0.2941178860274826,-10425.42
ORD10635,2025-04-30,EMP011,Manish Kumar,Jaipur,North,Monitor,Electronics,4,15440.21,61760.83,169842.28,Completed,Present,Apr-2025,4,0.36363636898892315,-108081.45
ORD10636,2025-12-09,EMP001,Amit Sharma,Pune,West,SSD,Electronics,2,6986.0,13972.0,90818.0,Completed,Present,Dec-2025,12,0.15384615384615385,-76846.0
ORD10637,2025-06-25,EMP005,Rohan Kulkarni,Nashik,West,Monitor,Electronics,7,15648.61,109540.3,250377.84,Pending,Present,Jun-2025,6,0.4374999800301816,-140837.53999999998
ORD10638,2025-04-12,EMP007,Vikas Pawar,Nagpur,Central,Router,Networking,6,4394.42,26366.51,61521.85,Completed,Present,Apr-2025,4,0.4285714750125362,-35155.34
ORD10639,2025-07-26,EMP015,Sanjay Iyer,Chennai,South,Monitor,Electronics,4,13112.93,52451.71,170468.06,Completed,Present,Jul-2025,7,0.307692303179845,-118016.35
ORD10640,2025-10-27,EMP012,Kavita Mehta,Jaipur,North,Headset,Accessories,5,2338.59,11692.97,39756.09,Completed,Present,Oct-2025,10,0.29411770624324474,-28063.119999999995
ORD10641,2025-10-13,EMP017,Nikhil Shah,Ahmedabad,West,Monitor,Electronics,5,13227.76,66138.82,119049.88,Pending,Present,Oct-2025,10,0.5555555368892434,-52911.06
ORD10642,2025-04-25,EMP016,Meera Krishnan,Chennai,South,Office Chair,Furniture,4,8285.14,33140.56,82851.41,Completed,Present,Apr-2025,4,0.39999995172079744,-49710.850000000006
ORD10643,2025-08-28,EMP005,Rohan Kulkarni,Nashik,West,Office Chair,Furniture,5,8818.45,44092.25,149913.64,Completed,Present,Aug-2025,8,0.294117666677962,-105821.39000000001
ORD10644,2025-08-01,EMP015,Sanjay Iyer,Chennai,South,Keyboard,Accessories,3,1860.5,5581.51,18605.03,Completed,Present,Aug-2025,8,0.3000000537489056,-13023.519999999999
ORD10645,2025-06-16,EMP003,Rahul Deshmukh,Mumbai,West,Desk,Furniture,7,11686.87,81808.07,128555.53,Completed,Present,Jun-2025,6,0.6363636787931255,-46747.45999999999
ORD10646,2025-08-14,EMP016,Meera Krishnan,Chennai,South,Keyboard,Accessories,1,1800.75,1800.75,21609.01,Completed,Present,Aug-2025,8,0.08333329476917269,-19808.26
ORD10647,2025-07-11,EMP002,Neha Patil,Pune,West,Router,Networking,6,4787.66,28725.94,57451.89,Completed,Present,Jul-2025,7,0.49999991297066115,-28725.95
ORD10648,2025-10-25,EMP014,Divya Rao,Bengaluru,South,Desk,Furniture,1,11423.67,11423.67,182778.75,Completed,Present,Oct-2025,10,0.062499989741695905,-171355.08
ORD10649,2026-02-28,EMP009,Karan Singh,Delhi,North,Mouse,Accessories,1,865.11,865.11,11246.39,Completed,WFH,Feb-2026,2,0.07692335051514308,-10381.279999999999
ORD10650,2025-04-18,EMP013,Arjun Nair,Bengaluru,South,Monitor,Electronics,3,13060.93,39182.79,208974.87,Completed,Present,Apr-2025,4,0.1875000089723707,-169792.08
ORD10651,2025-09-07,EMP015,Sanjay Iyer,Chennai,South,Router,Networking,4,4820.79,19283.16,53028.7,Completed,Present,Sep-2025,9,0.3636362950628622,-33745.53999999999
ORD10652,2026-02-17,EMP008,Pooja Shinde,Aurangabad,Central,Headset,Accessories,7,2135.69,14949.8,25628.24,Completed,Present,Feb-2026,2,0.5833330732036222,-10678.440000000002
ORD10653,2026-03-04,EMP002,Neha Patil,Pune,West,SSD,Electronics,7,5981.47,41870.27,53833.2,Completed,Present,Mar-2026,3,0.7777778396974357,-11962.93
ORD10654,2025-08-25,EMP003,Rahul Deshmukh,Mumbai,West,Office Chair,Furniture,5,8701.56,43507.81,113120.31,Completed,Present,Aug-2025,8,0.38461537101516075,-69612.5
ORD10655,2025-10-10,EMP011,Manish Kumar,Jaipur,North,Office Chair,Furniture,6,7926.76,47560.59,103047.94,Completed,Present,Oct-2025,10,0.46153848393281804,-55487.350000000006
ORD10656,2025-11-06,EMP001,Amit Sharma,Pune,West,Keyboard,Accessories,4,1880.55,7522.2,15044.4,Pending,Leave,Nov-2025,11,0.5,-7522.2
ORD10657,2025-08-05,EMP003,Rahul Deshmukh,Mumbai,West,Desk,Furniture,6,12156.16,72936.98,170186.29,Completed,Present,Aug-2025,8,0.4285714201772657,-97249.31000000001
ORD10658,2025-04-28,EMP016,Meera Krishnan,Chennai,South,Keyboard,Accessories,4,1942.08,7768.33,29131.24,Completed,WFH,Apr-2025,4,0.2666666437817271,-21362.910000000003
ORD10659,2025-06-24,EMP008,Pooja Shinde,Aurangabad,Central,Printer,Office Equipment,1,12170.44,12170.44,158215.74,Completed,Present,Jun-2025,6,0.07692306719925592,-146045.3
ORD10660,2026-03-29,EMP013,Arjun Nair,Bengaluru,South,Monitor,Electronics,7,13686.32,95804.26,164235.88,Completed,Present,Mar-2026,3,0.5833333130373216,-68431.62000000001
ORD10661,2026-01-26,EMP012,Kavita Mehta,Jaipur,North,Monitor,Electronics,3,15209.77,45629.32,152097.72,Completed,Present,Jan-2026,1,0.30000002629888206,-106468.4
ORD10662,2026-03-06,EMP006,Sneha More,Nagpur,Central,Router,Networking,5,4810.23,24051.13,57722.71,Completed,Present,Mar-2026,3,0.4166666811035033,-33671.58
ORD10663,2025-06-16,EMP017,Nikhil Shah,Ahmedabad,West,Office Chair,Furniture,4,8049.84,32199.36,96598.07,Completed,Present,Jun-2025,6,0.333333367840579,-64398.71000000001
ORD10664,2025-04-25,EMP018,Isha Patel,Ahmedabad,West,Router,Networking,6,5104.53,30627.15,66358.83,Completed,Present,Apr-2025,4,0.4615384267624972,-35731.68
ORD10665,2026-02-16,EMP008,Pooja Shinde,Aurangabad,Central,Keyboard,Accessories,7,1805.93,12641.49,14447.42,Completed,Present,Feb-2026,2,0.8749998269587234,-1805.9300000000003
ORD10666,2025-11-27,EMP013,Arjun Nair,Bengaluru,South,Keyboard,Accessories,6,1828.04,10968.22,29248.58,Completed,Leave,Nov-2025,11,0.37500008547423497,-18280.36
ORD10667,2026-03-11,EMP016,Meera Krishnan,Chennai,South,Monitor,Electronics,5,15164.52,75822.6,151645.2,Completed,Present,Mar-2026,3,0.5,-75822.6
ORD10668,2026-02-23,EMP001,Amit Sharma,Pune,West,SSD,Electronics,3,6042.61,18127.82,90639.09,Completed,Present,Feb-2026,2,0.20000002206553485,-72511.26999999999
ORD10669,2025-05-15,EMP006,Sneha More,Nagpur,Central,Printer,Office Equipment,2,11401.6,22803.2,182425.57,Completed,Present,May-2025,5,0.1250000205563288,-159622.37
ORD10670,2025-04-10,EMP018,Isha Patel,Ahmedabad,West,Desk,Furniture,4,12060.84,48243.38,132669.29,Completed,Present,Apr-2025,4,0.3636363773409807,-84425.91
ORD10671,2025-08-15,EMP004,Priya Joshi,Mumbai,West,Laptop,Electronics,7,48239.42,337675.91,530633.57,Completed,Present,Aug-2025,8,0.636363639790072,-192957.65999999997
ORD10672,2025-06-18,EMP018,Isha Patel,Ahmedabad,West,Monitor,Electronics,5,15481.84,77409.21,263191.32,Completed,Present,Jun-2025,6,0.29411764035379284,-185782.11
ORD10673,2025-07-14,EMP008,Pooja Shinde,Aurangabad,Central,Keyboard,Accessories,7,1694.87,11864.09,27117.92,Completed,Present,Jul-2025,7,0.43750000000000006,-15253.829999999998
ORD10674,2026-01-23,EMP013,Arjun Nair,Bengaluru,South,Mouse,Accessories,5,970.41,4852.03,16496.91,Pending,Present,Jan-2026,1,0.2941175044296174,-11644.880000000001
ORD10675,2025-10-16,EMP002,Neha Patil,Pune,West,Headset,Accessories,4,2063.04,8252.15,30945.56,Completed,Present,Oct-2025,10,0.26666668820987566,-22693.410000000003
ORD10676,2025-09-04,EMP014,Divya Rao,Bengaluru,South,SSD,Electronics,3,6886.96,20660.87,110191.32,Completed,Present,Sep-2025,9,0.18749997731218754,-89530.45000000001
ORD10677,2025-09-30,EMP017,Nikhil Shah,Ahmedabad,West,Monitor,Electronics,1,14953.5,14953.5,209348.98,Completed,Present,Sep-2025,9,0.07142857825244718,-194395.48
ORD10678,2025-10-12,EMP003,Rahul Deshmukh,Mumbai,West,Monitor,Electronics,3,14734.02,44202.06,176808.25,Completed,Present,Oct-2025,10,0.2499999858603883,-132606.19
ORD10679,2026-02-12,EMP016,Meera Krishnan,Chennai,South,Desk,Furniture,1,12083.02,12083.02,193328.36,Completed,Present,Feb-2026,2,0.06249998706863288,-181245.34
ORD10680,2025-12-26,EMP017,Nikhil Shah,Ahmedabad,West,Keyboard,Accessories,6,1827.87,10967.21,18278.68,Completed,Leave,Dec-2025,12,0.6000001094170914,-7311.470000000001
ORD10681,2025-11-18,EMP008,Pooja Shinde,Aurangabad,Central,Monitor,Electronics,4,14615.92,58463.66,146159.16,Pending,Present,Nov-2025,11,0.399999972632574,-87695.5
ORD10682,2025-04-07,EMP010,Anjali Verma,Delhi,North,Monitor,Electronics,4,13432.87,53731.5,201493.11,Completed,Present,Apr-2025,4,0.2666666865184621,-147761.61
ORD10683,2025-08-04,EMP017,Nikhil Shah,Ahmedabad,West,Desk,Furniture,3,12398.78,37196.35,123987.83,Completed,Present,Aug-2025,8,0.3000000080653077,-86791.48000000001
ORD10684,2025-06-14,EMP006,Sneha More,Nagpur,Central,Keyboard,Accessories,2,1647.3,3294.6,21414.88,Completed,Present,Jun-2025,6,0.15384629752770035,-18120.280000000002
ORD10685,2026-02-22,EMP016,Meera Krishnan,Chennai,South,Headset,Accessories,3,2298.08,6894.25,18384.68,Completed,Present,Feb-2026,2,0.37499972803442866,-11490.43
ORD10686,2025-10-13,EMP003,Rahul Deshmukh,Mumbai,West,Keyboard,Accessories,6,1719.52,10317.09,24073.21,Completed,Present,Oct-2025,10,0.4285714285714286,-13756.119999999999
ORD10687,2025-11-16,EMP007,Vikas Pawar,Nagpur,Central,Office Chair,Furniture,1,8905.44,8905.44,151392.56,Completed,Present,Nov-2025,11,0.05882349832779101,-142487.12
ORD10688,2025-09-12,EMP009,Karan Singh,Delhi,North,Laptop,Electronics,3,54223.07,162669.21,542230.7,Completed,Present,Sep-2025,9,0.3,-379561.49
ORD10689,2025-07-25,EMP014,Divya Rao,Bengaluru,South,Laptop,Electronics,4,53589.48,214357.91,750252.69,Completed,Present,Jul-2025,7,0.2857142838101654,-535894.7799999999
ORD10690,2026-03-01,EMP015,Sanjay Iyer,Chennai,South,Headset,Accessories,3,2248.95,6746.85,24738.43,Completed,Present,Mar-2026,3,0.2727274932160206,-17991.58
ORD10691,2025-10-07,EMP015,Sanjay Iyer,Chennai,South,Router,Networking,2,4990.04,9980.07,54890.4,Completed,WFH,Oct-2025,10,0.18181813213239473,-44910.33
ORD10692,2025-06-18,EMP012,Kavita Mehta,Jaipur,North,Router,Networking,5,4769.75,23848.75,62006.75,Completed,Present,Jun-2025,6,0.38461538461538464,-38158.0
ORD10693,2025-10-09,EMP006,Sneha More,Nagpur,Central,Desk,Furniture,3,11812.44,35437.32,94499.51,Completed,Leave,Oct-2025,10,0.3750000396827455,-59062.189999999995
ORD10694,2025-07-03,EMP003,Rahul Deshmukh,Mumbai,West,Printer,Office Equipment,2,12709.68,25419.36,101677.45,Completed,Present,Jul-2025,7,0.24999997541244398,-76258.09
ORD10695,2025-08-08,EMP004,Priya Joshi,Mumbai,West,Printer,Office Equipment,7,11971.92,83803.46,155635.0,Completed,Present,Aug-2025,8,0.538461528576477,-71831.54
ORD10696,2025-06-08,EMP016,Meera Krishnan,Chennai,South,Keyboard,Accessories,1,1804.93,1804.93,28878.83,Completed,Present,Jun-2025,6,0.06250010821075508,-27073.9
ORD10697,2025-12-21,EMP011,Manish Kumar,Jaipur,North,Mouse,Accessories,6,999.3,5995.82,12990.94,Pending,Present,Dec-2025,12,0.4615385799641904,-6995.120000000001
ORD10698,2025-12-07,EMP014,Divya Rao,Bengaluru,South,Laptop,Electronics,2,53565.26,107130.53,428522.11,Completed,Present,Dec-2025,12,0.2500000058340047,-321391.57999999996
ORD10699,2025-08-03,EMP018,Isha Patel,Ahmedabad,West,Laptop,Electronics,4,48994.92,195979.66,685928.81,Completed,WFH,Aug-2025,8,0.2857142857142857,-489949.15
ORD10700,2026-01-15,EMP018,Isha Patel,Ahmedabad,West,SSD,Electronics,1,6308.42,6308.42,56775.77,Completed,Present,Jan-2026,1,0.11111113068127479,-50467.35
ORD10701,2025-09-18,EMP007,Vikas Pawar,Nagpur,Central,SSD,Electronics,1,6857.89,6857.89,96010.48,Completed,Present,Sep-2025,9,0.07142855654924338,-89152.59
ORD10702,2026-03-20,EMP004,Priya Joshi,Mumbai,West,Keyboard,Accessories,7,1776.57,12435.97,30201.64,Completed,Present,Mar-2026,3,0.4117647253592851,-17765.67
ORD10703,2025-10-10,EMP004,Priya Joshi,Mumbai,West,Laptop,Electronics,4,54876.95,219507.81,658523.44,Completed,Present,Oct-2025,10,0.3333333282715039,-439015.62999999995
ORD10704,2026-02-26,EMP010,Anjali Verma,Delhi,North,Keyboard,Accessories,3,1625.92,4877.76,17885.13,Pending,Present,Feb-2026,2,0.2727271202389918,-13007.37
ORD10705,2025-06-04,EMP017,Nikhil Shah,Ahmedabad,West,Laptop,Electronics,7,48530.85,339715.98,630901.1,Completed,Present,Jun-2025,6,0.5384615433385677,-291185.12
ORD10706,2025-07-08,EMP011,Manish Kumar,Jaipur,North,Mouse,Accessories,6,939.3,5635.77,15028.73,Completed,Present,Jul-2025,7,0.374999750477918,-9392.96
ORD10707,2025-09-05,EMP016,Meera Krishnan,Chennai,South,Monitor,Electronics,7,15643.78,109506.43,203369.09,Completed,Present,Sep-2025,9,0.5384615233317904,-93862.66
ORD10708,2025-07-19,EMP003,Rahul Deshmukh,Mumbai,West,Desk,Furniture,7,11528.65,80700.57,103757.88,Pending,Present,Jul-2025,7,0.7777777456517038,-23057.309999999998
ORD10709,2026-02-02,EMP006,Sneha More,Nagpur,Central,Printer,Office Equipment,1,13399.76,13399.76,160797.1,Pending,Present,Feb-2026,2,0.08333334369836272,-147397.34
ORD10710,2025-05-31,EMP008,Pooja Shinde,Aurangabad,Central,SSD,Electronics,4,6750.25,27000.99,114754.21,Completed,Present,May-2025,5,0.2352941125210134,-87753.22
ORD10711,2025-10-04,EMP007,Vikas Pawar,Nagpur,Central,Printer,Office Equipment,7,12383.34,86683.41,111450.09,Completed,Present,Oct-2025,10,0.777777837595286,-24766.679999999993
ORD10712,2025-06-17,EMP016,Meera Krishnan,Chennai,South,Office Chair,Furniture,3,8722.43,26167.29,78501.88,Completed,Present,Jun-2025,6,0.33333329087150526,-52334.590000000004
ORD10713,2026-02-20,EMP009,Karan Singh,Delhi,North,Mouse,Accessories,1,881.64,881.64,10579.65,Completed,Present,Feb-2026,2,0.08333356963604656,-9698.01
ORD10714,2025-05-15,EMP001,Amit Sharma,Pune,West,Office Chair,Furniture,7,8069.2,56484.41,112968.83,Completed,WFH,May-2025,5,0.4999999557400037,-56484.42
ORD10715,2025-07-06,EMP015,Sanjay Iyer,Chennai,South,Mouse,Accessories,5,1000.85,5004.25,16013.61,Completed,Present,Jul-2025,7,0.3124998048534965,-11009.36
ORD10716,2025-07-06,EMP016,Meera Krishnan,Chennai,South,Office Chair,Furniture,6,8233.87,49403.24,139975.85,Completed,Present,Jul-2025,7,0.352941168065777,-90572.61000000002
ORD10717,2025-05-04,EMP001,Amit Sharma,Pune,West,Router,Networking,1,5112.85,5112.85,51128.47,Pending,Present,May-2025,5,0.10000005867572412,-46015.62
ORD10718,2025-05-13,EMP007,Vikas Pawar,Nagpur,Central,Router,Networking,1,4805.45,4805.45,52859.95,Completed,Present,May-2025,5,0.09090909090909091,-48054.5
ORD10719,2025-06-10,EMP002,Neha Patil,Pune,West,Mouse,Accessories,5,920.34,4601.72,7362.74,Completed,WFH,Jun-2025,6,0.6250010186425163,-2761.0199999999995
ORD10720,2025-09-17,EMP012,Kavita Mehta,Jaipur,North,Desk,Furniture,1,12433.69,12433.69,99469.49,Completed,Present,Sep-2025,9,0.1250000377000023,-87035.8
ORD10721,2025-08-08,EMP004,Priya Joshi,Mumbai,West,Monitor,Electronics,7,14128.21,98897.47,226051.36,Completed,Present,Aug-2025,8,0.43750000000000006,-127153.88999999998
ORD10722,2025-10-20,EMP010,Anjali Verma,Delhi,North,Router,Networking,5,4631.38,23156.9,55576.57,Completed,Present,Oct-2025,10,0.41666659169502546,-32419.67
ORD10723,2025-07-29,EMP001,Amit Sharma,Pune,West,Laptop,Electronics,5,54745.93,273729.64,875934.84,Completed,Present,Jul-2025,7,0.31250000285409363,-602205.2
ORD10724,2026-02-18,EMP017,Nikhil Shah,Ahmedabad,West,Laptop,Electronics,5,52139.03,260695.16,782085.49,Completed,Present,Feb-2026,2,0.3333333290712247,-521390.32999999996
ORD10725,2025-09-30,EMP010,Anjali Verma,Delhi,North,Laptop,Electronics,2,53622.22,107244.44,589844.44,Pending,Present,Sep-2025,9,0.1818181756532282,-482599.99999999994
ORD10726,2025-06-12,EMP014,Divya Rao,Bengaluru,South,Laptop,Electronics,5,49971.39,249856.94,449742.49,Completed,Present,Jun-2025,6,0.5555555580261051,-199885.55
ORD10727,2025-05-17,EMP011,Manish Kumar,Jaipur,North,Router,Networking,5,4542.1,22710.51,54505.23,Pending,Present,May-2025,5,0.41666662079950856,-31794.720000000005
ORD10728,2025-04-26,EMP014,Divya Rao,Bengaluru,South,Laptop,Electronics,2,54563.05,109126.09,545630.45,Completed,Leave,Apr-2025,4,0.2,-436504.36
ORD10729,2025-12-29,EMP012,Kavita Mehta,Jaipur,North,Laptop,Electronics,4,54398.51,217594.04,543985.11,Completed,Present,Dec-2025,12,0.3999999926468576,-326391.06999999995
ORD10730,2026-03-21,EMP008,Pooja Shinde,Aurangabad,Central,Mouse,Accessories,4,1015.91,4063.64,14222.74,Completed,Present,Mar-2026,3,0.2857142857142857,-10159.1
ORD10731,2025-10-06,EMP001,Amit Sharma,Pune,West,Laptop,Electronics,1,50561.56,50561.56,859546.55,Completed,Present,Oct-2025,10,0.0588235273586986,-808984.99
ORD10732,2025-08-12,EMP016,Meera Krishnan,Chennai,South,Mouse,Accessories,7,983.14,6882.0,16713.42,Completed,Present,Aug-2025,8,0.41176491705467827,-9831.419999999998
ORD10733,2025-04-26,EMP013,Arjun Nair,Bengaluru,South,Mouse,Accessories,7,873.15,6112.03,9604.62,Completed,WFH,Apr-2025,4,0.6363635417122175,-3492.590000000001
ORD10734,2025-07-17,EMP017,Nikhil Shah,Ahmedabad,West,SSD,Electronics,4,6476.69,25906.77,97150.39,Completed,Present,Jul-2025,7,0.2666666598044537,-71243.62
ORD10735,2025-08-27,EMP016,Meera Krishnan,Chennai,South,Mouse,Accessories,2,858.78,1717.55,12022.87,Completed,Present,Aug-2025,8,0.14285690521481142,-10305.320000000002
ORD10736,2025-12-10,EMP016,Meera Krishnan,Chennai,South,Monitor,Electronics,4,15286.68,61146.71,152866.77,Completed,Present,Dec-2025,12,0.40000001308328814,-91720.06
ORD10737,2025-07-09,EMP014,Divya Rao,Bengaluru,South,Keyboard,Accessories,2,1923.5,3847.0,25005.48,Completed,Present,Jul-2025,7,0.1538462768961044,-21158.48
ORD10738,2025-04-18,EMP012,Kavita Mehta,Jaipur,North,Mouse,Accessories,3,960.02,2880.05,11520.2,Completed,Present,Apr-2025,4,0.25,-8640.150000000001
ORD10739,2025-05-18,EMP006,Sneha More,Nagpur,Central,Mouse,Accessories,3,1000.59,3001.77,12007.08,Completed,Present,May-2025,5,0.25,-9005.31
ORD10740,2025-04-11,EMP015,Sanjay Iyer,Chennai,South,Keyboard,Accessories,2,1859.72,3719.43,22316.61,Completed,Present,Apr-2025,4,0.16666644261830088,-18597.18
ORD10741,2025-07-02,EMP006,Sneha More,Nagpur,Central,Laptop,Electronics,2,47188.41,94376.83,566260.98,Pending,Present,Jul-2025,7,0.16666666666666669,-471884.14999999997
ORD10742,2025-07-15,EMP003,Rahul Deshmukh,Mumbai,West,Office Chair,Furniture,6,8055.57,48333.45,136944.76,Pending,Present,Jul-2025,7,0.3529412151293704,-88611.31000000001
ORD10743,2025-11-24,EMP002,Neha Patil,Pune,West,Router,Networking,2,4947.34,9894.67,39578.7,Completed,Present,Nov-2025,11,0.24999987366942322,-29684.03
ORD10744,2025-12-13,EMP012,Kavita Mehta,Jaipur,North,Office Chair,Furniture,4,7917.12,31668.49,71254.1,Completed,Present,Dec-2025,12,0.444444460038089,-39585.61
ORD10745,2025-08-10,EMP018,Isha Patel,Ahmedabad,West,Printer,Office Equipment,3,13325.86,39977.58,106606.87,Completed,Present,Aug-2025,8,0.37500003517596947,-66629.29
ORD10746,2025-08-03,EMP011,Manish Kumar,Jaipur,North,Router,Networking,7,4534.98,31744.86,40814.82,Completed,Present,Aug-2025,8,0.7777777777777778,-9069.96
ORD10747,2026-02-03,EMP004,Priya Joshi,Mumbai,West,SSD,Electronics,5,6792.05,33960.27,101880.81,Completed,Present,Feb-2026,2,0.3333333333333333,-67920.54000000001
ORD10748,2025-12-09,EMP014,Divya Rao,Bengaluru,South,Headset,Accessories,2,2089.59,4179.19,25075.14,Completed,Present,Dec-2025,12,0.16666666666666666,-20895.95
ORD10749,2025-04-20,EMP007,Vikas Pawar,Nagpur,Central,Router,Networking,1,4946.14,4946.14,64299.79,Completed,Present,Apr-2025,4,0.0769231128126546,-59353.65
ORD10750,2025-05-14,EMP010,Anjali Verma,Delhi,North,Office Chair,Furniture,6,7668.36,46010.19,61346.92,Completed,Present,May-2025,5,0.7500000000000001,-15336.729999999996
ORD10751,2025-05-21,EMP010,Anjali Verma,Delhi,North,Desk,Furniture,5,12415.52,62077.62,148986.28,Completed,Present,May-2025,5,0.4166666890400915,-86908.66
ORD10752,2026-01-14,EMP018,Isha Patel,Ahmedabad,West,Desk,Furniture,4,11488.86,45955.44,195310.63,Completed,Present,Jan-2026,1,0.23529410559988467,-149355.19
ORD10753,2025-09-27,EMP010,Anjali Verma,Delhi,North,SSD,Electronics,2,6395.52,12791.03,89537.23,Completed,Present,Sep-2025,9,0.14285711094703288,-76746.2
ORD10754,2026-03-09,EMP007,Vikas Pawar,Nagpur,Central,Desk,Furniture,1,13148.99,13148.99,118340.87,Completed,Present,Mar-2026,3,0.1111111486674046,-105191.87999999999
ORD10755,2025-06-23,EMP003,Rahul Deshmukh,Mumbai,West,Keyboard,Accessories,2,1732.17,3464.34,15589.51,Completed,Present,Jun-2025,6,0.22222250731421322,-12125.17
ORD10756,2025-04-30,EMP012,Kavita Mehta,Jaipur,North,Printer,Office Equipment,2,12159.54,0.0,97276.35,Cancelled,WFH,Apr-2025,4,0.0,-97276.35
ORD10757,2025-09-11,EMP001,Amit Sharma,Pune,West,Desk,Furniture,1,11891.71,11891.71,118917.13,Completed,Present,Sep-2025,9,0.09999997477234776,-107025.42000000001
ORD10758,2026-01-04,EMP016,Meera Krishnan,Chennai,South,Laptop,Electronics,4,55454.65,221818.59,665455.77,Completed,Present,Jan-2026,1,0.3333333333333333,-443637.18000000005
ORD10759,2025-07-21,EMP005,Rohan Kulkarni,Nashik,West,SSD,Electronics,6,5924.74,35548.44,59247.39,Completed,Present,Jul-2025,7,0.6000001012702838,-23698.949999999997
ORD10760,2025-10-03,EMP012,Kavita Mehta,Jaipur,North,Monitor,Electronics,3,14990.37,44971.1,134913.29,Completed,Present,Oct-2025,10,0.3333333580405607,-89942.19
ORD10761,2025-12-14,EMP005,Rohan Kulkarni,Nashik,West,Office Chair,Furniture,2,8951.96,17903.91,125327.39,Completed,Present,Dec-2025,12,0.14285712005970921,-107423.48
ORD10762,2025-05-02,EMP015,Sanjay Iyer,Chennai,South,Printer,Office Equipment,5,12709.54,63547.68,216062.12,Completed,Present,May-2025,5,0.2941176361687093,-152514.44
ORD10763,2025-09-25,EMP015,Sanjay Iyer,Chennai,South,SSD,Electronics,7,6633.61,46435.29,66336.13,Completed,Present,Sep-2025,9,0.6999999849252586,-19900.840000000004
ORD10764,2026-03-07,EMP006,Sneha More,Nagpur,Central,Laptop,Electronics,4,48913.39,195653.56,831527.63,Pending,WFH,Mar-2026,3,0.23529411764705882,-635874.0700000001
ORD10765,2026-03-07,EMP016,Meera Krishnan,Chennai,South,Laptop,Electronics,3,54730.44,164191.33,766226.18,Pending,Present,Mar-2026,3,0.2142857217434152,-602034.8500000001
ORD10766,2025-12-11,EMP004,Priya Joshi,Mumbai,West,Desk,Furniture,7,11297.27,79080.89,180756.33,Completed,Present,Dec-2025,12,0.437499975796145,-101675.43999999999
ORD10767,2025-12-12,EMP016,Meera Krishnan,Chennai,South,Laptop,Electronics,4,51530.22,206120.88,618362.63,Pending,Present,Dec-2025,12,0.3333333387239135,-412241.75
ORD10768,2026-02-06,EMP003,Rahul Deshmukh,Mumbai,West,Printer,Office Equipment,2,13354.64,26709.28,186964.93,Pending,Present,Feb-2026,2,0.14285716577969998,-160255.65
ORD10769,2025-06-17,EMP011,Manish Kumar,Jaipur,North,SSD,Electronics,6,6172.41,37034.48,49379.31,Completed,Present,Jun-2025,6,0.7499999493715082,-12344.829999999994
ORD10770,2025-07-10,EMP010,Anjali Verma,Delhi,North,Router,Networking,7,4958.1,34706.73,59497.25,Completed,Present,Jul-2025,7,0.583333347339583,-24790.519999999997
ORD10771,2025-04-10,EMP012,Kavita Mehta,Jaipur,North,Headset,Accessories,4,2343.73,9374.94,35156.02,Completed,Present,Apr-2025,4,0.26666670459284075,-25781.079999999994
ORD10772,2025-07-07,EMP004,Priya Joshi,Mumbai,West,Printer,Office Equipment,3,12690.86,38072.57,152290.28,Completed,WFH,Jul-2025,7,0.25,-114217.70999999999
ORD10773,2025-06-02,EMP002,Neha Patil,Pune,West,Router,Networking,6,4660.2,27961.23,74563.27,Completed,Present,Jun-2025,6,0.37500005029285866,-46602.04000000001
ORD10774,2025-04-28,EMP010,Anjali Verma,Delhi,North,Mouse,Accessories,5,904.46,4522.3,7235.69,Completed,Present,Apr-2025,4,0.6249991362261236,-2713.3899999999994
ORD10775,2025-12-07,EMP003,Rahul Deshmukh,Mumbai,West,SSD,Electronics,6,6027.54,36165.24,48220.31,Completed,Present,Dec-2025,12,0.7500001555361216,-12055.07
ORD10776,2025-08-10,EMP017,Nikhil Shah,Ahmedabad,West,Router,Networking,4,4756.01,19024.03,42804.06,Pending,Present,Aug-2025,8,0.44444452231867726,-23780.03
ORD10777,2025-11-25,EMP015,Sanjay Iyer,Chennai,South,Desk,Furniture,3,12407.6,37222.8,173706.42,Pending,Present,Nov-2025,11,0.21428568961354452,-136483.62
ORD10778,2025-06-19,EMP015,Sanjay Iyer,Chennai,South,Mouse,Accessories,6,921.01,5526.09,10131.16,Completed,Present,Jun-2025,6,0.5454548146510371,-4605.07
ORD10779,2025-07-23,EMP018,Isha Patel,Ahmedabad,West,Office Chair,Furniture,4,7755.19,31020.77,108572.71,Completed,Present,Jul-2025,7,0.2857142462410674,-77551.94
ORD10780,2025-05-14,EMP015,Sanjay Iyer,Chennai,South,Office Chair,Furniture,4,8126.41,32505.66,97516.97,Completed,Present,May-2025,5,0.3333333675154181,-65011.31
ORD10781,2026-02-27,EMP013,Arjun Nair,Bengaluru,South,Monitor,Electronics,6,13386.88,80321.26,147255.64,Completed,WFH,Feb-2026,2,0.545454557801657,-66934.38000000002
ORD10782,2026-01-25,EMP007,Vikas Pawar,Nagpur,Central,Router,Networking,4,4385.06,17540.24,39465.54,Pending,Present,Jan-2026,1,0.4444444444444445,-21925.3
ORD10783,2025-05-12,EMP009,Karan Singh,Delhi,North,Office Chair,Furniture,5,8338.86,41694.31,141760.65,Completed,WFH,May-2025,5,0.29411765535781614,-100066.34
ORD10784,2025-09-26,EMP008,Pooja Shinde,Aurangabad,Central,Laptop,Electronics,4,55798.84,223195.36,669586.08,Completed,Present,Sep-2025,9,0.3333333333333333,-446390.72
ORD10785,2025-08-23,EMP005,Rohan Kulkarni,Nashik,West,SSD,Electronics,1,6070.89,6070.89,66779.78,Completed,Present,Aug-2025,8,0.09090910452235693,-60708.89
ORD10786,2025-06-02,EMP004,Priya Joshi,Mumbai,West,Monitor,Electronics,1,13342.15,13342.15,200132.24,Pending,Present,Jun-2025,6,0.06666666999779745,-186790.09
ORD10787,2026-01-17,EMP012,Kavita Mehta,Jaipur,North,SSD,Electronics,7,6888.29,48218.01,55106.29,Completed,Present,Jan-2026,1,0.8750001134171798,-6888.279999999999
ORD10788,2025-07-01,EMP016,Meera Krishnan,Chennai,South,Desk,Furniture,6,12395.16,74370.95,136346.74,Completed,Leave,Jul-2025,7,0.5454545521220383,-61975.78999999999
ORD10789,2025-04-05,EMP018,Isha Patel,Ahmedabad,West,Headset,Accessories,1,2090.49,0.0,16723.9,Cancelled,Present,Apr-2025,4,0.0,-16723.9
ORD10790,2026-01-02,EMP003,Rahul Deshmukh,Mumbai,West,Router,Networking,3,4950.72,14852.16,64359.38,Completed,Present,Jan-2026,1,0.23076915905653536,-49507.22
ORD10791,2025-09-19,EMP013,Arjun Nair,Bengaluru,South,Monitor,Electronics,5,14282.51,71412.55,199955.15,Completed,Present,Sep-2025,9,0.3571428392817089,-128542.59999999999
ORD10792,2025-06-26,EMP009,Karan Singh,Delhi,North,Laptop,Electronics,5,54388.0,271939.99,543879.98,Completed,Present,Jun-2025,6,0.5,-271939.99
ORD10793,2025-05-12,EMP010,Anjali Verma,Delhi,North,Mouse,Accessories,1,857.43,857.43,7716.85,Completed,Present,May-2025,5,0.11111139908123131,-6859.42
ORD10794,2025-04-17,EMP005,Rohan Kulkarni,Nashik,West,Office Chair,Furniture,2,8089.89,16179.78,113258.49,Completed,Present,Apr-2025,4,0.14285710501702786,-97078.71
ORD10795,2025-10-14,EMP012,Kavita Mehta,Jaipur,North,Mouse,Accessories,5,893.86,4469.31,8938.62,Completed,Present,Oct-2025,10,0.5,-4469.31
ORD10796,2025-05-27,EMP012,Kavita Mehta,Jaipur,North,Monitor,Electronics,1,15273.32,15273.32,152733.18,Completed,Leave,May-2025,5,0.10000001309473161,-137459.86
ORD10797,2026-01-13,EMP009,Karan Singh,Delhi,North,Desk,Furniture,4,13036.53,52146.13,169474.92,Completed,Present,Jan-2026,1,0.3076923122312139,-117328.79000000001
ORD10798,2025-08-26,EMP001,Amit Sharma,Pune,West,Printer,Office Equipment,1,12938.85,12938.85,219960.39,Completed,Present,Aug-2025,8,0.0588235454574344,-207021.54
ORD10799,2025-07-12,EMP018,Isha Patel,Ahmedabad,West,Monitor,Electronics,3,13413.97,40241.9,120725.69,Pending,Present,Jul-2025,7,0.33333336094413707,-80483.79000000001
ORD10800,2025-12-10,EMP002,Neha Patil,Pune,West,Office Chair,Furniture,4,7791.45,31165.79,101288.82,Completed,Present,Dec-2025,12,0.3076923000978785,-70123.03
ORD10801,2025-10-18,EMP014,Divya Rao,Bengaluru,South,Desk,Furniture,7,12599.09,88193.66,113391.84,Completed,Present,Oct-2025,10,0.7777778365709561,-25198.179999999993
ORD10802,2025-04-04,EMP007,Vikas Pawar,Nagpur,Central,Mouse,Accessories,1,1007.02,1007.02,9063.19,Completed,Present,Apr-2025,4,0.11111098851508133,-8056.17
ORD10803,2026-01-04,EMP016,Meera Krishnan,Chennai,South,Mouse,Accessories,5,863.83,4319.17,9502.17,Pending,Present,Jan-2026,1,0.4545456458893074,-5183.0
ORD10804,2025-08-13,EMP012,Kavita Mehta,Jaipur,North,SSD,Electronics,5,6682.06,33410.29,113594.97,Completed,WFH,Aug-2025,8,0.29411768848567854,-80184.68
ORD10805,2025-08-24,EMP002,Neha Patil,Pune,West,SSD,Electronics,7,6524.56,45671.9,110917.48,Completed,Present,Aug-2025,8,0.41176467406219475,-65245.579999999994
ORD10806,2026-01-22,EMP007,Vikas Pawar,Nagpur,Central,Office Chair,Furniture,2,7748.06,0.0,100724.84,Cancelled,Present,Jan-2026,1,0.0,-100724.84
ORD10807,2025-05-14,EMP015,Sanjay Iyer,Chennai,South,Headset,Accessories,2,2145.29,4290.57,21452.87,Pending,Present,May-2025,5,0.19999981354476115,-17162.3
ORD10808,2025-05-21,EMP003,Rahul Deshmukh,Mumbai,West,Laptop,Electronics,7,49177.3,344241.08,442595.68,Completed,Present,May-2025,5,0.7777777677360068,-98354.59999999998
ORD10809,2025-04-17,EMP006,Sneha More,Nagpur,Central,Keyboard,Accessories,5,1854.06,9270.31,29664.98,Completed,Present,Apr-2025,4,0.31250012641168134,-20394.67
ORD10810,2025-04-24,EMP006,Sneha More,Nagpur,Central,Mouse,Accessories,3,926.54,2779.61,10191.91,Completed,Present,Apr-2025,4,0.2727270943326619,-7412.299999999999
ORD10811,2026-02-04,EMP003,Rahul Deshmukh,Mumbai,West,Desk,Furniture,4,12222.52,48890.08,134447.72,Completed,Present,Feb-2026,2,0.36363636363636365,-85557.64
ORD10812,2025-12-18,EMP017,Nikhil Shah,Ahmedabad,West,Mouse,Accessories,1,865.41,0.0,13846.64,Cancelled,Present,Dec-2025,12,0.0,-13846.64
ORD10813,2025-06-05,EMP011,Manish Kumar,Jaipur,North,SSD,Electronics,6,6205.79,37234.74,86881.07,Pending,Present,Jun-2025,6,0.4285713792429121,-49646.33000000001
ORD10814,2025-11-02,EMP005,Rohan Kulkarni,Nashik,West,Mouse,Accessories,7,1023.84,7166.88,16381.44,Completed,Present,Nov-2025,11,0.4375,-9214.560000000001
ORD10815,2025-04-13,EMP010,Anjali Verma,Delhi,North,Laptop,Electronics,1,53836.83,53836.83,538368.31,Completed,Present,Apr-2025,4,0.09999999814253553,-484531.48000000004
ORD10816,2025-04-11,EMP007,Vikas Pawar,Nagpur,Central,Printer,Office Equipment,2,12671.38,25342.75,114042.38,Completed,Present,Apr-2025,4,0.2222222124792555,-88699.63
ORD10817,2025-11-23,EMP007,Vikas Pawar,Nagpur,Central,Monitor,Electronics,6,13524.4,81146.42,148768.43,Completed,Present,Nov-2025,11,0.5454545698976591,-67622.01
ORD10818,2025-10-16,EMP007,Vikas Pawar,Nagpur,Central,Laptop,Electronics,5,54921.69,274608.46,768903.68,Completed,Present,Oct-2025,10,0.35714286085872293,-494295.22000000003
ORD10819,2025-08-08,EMP015,Sanjay Iyer,Chennai,South,Laptop,Electronics,5,51475.77,257378.86,411806.18,Completed,Present,Aug-2025,8,0.6249999939291829,-154427.32
ORD10820,2025-11-25,EMP005,Rohan Kulkarni,Nashik,West,Office Chair,Furniture,2,8627.61,17255.23,103531.36,Pending,Present,Nov-2025,11,0.16666669886303048,-86276.13
ORD10821,2026-02-14,EMP010,Anjali Verma,Delhi,North,SSD,Electronics,3,6659.22,19977.67,59933.01,Completed,Present,Feb-2026,2,0.3333333333333333,-39955.340000000004
ORD10822,2026-03-24,EMP003,Rahul Deshmukh,Mumbai,West,Monitor,Electronics,4,14418.15,57672.61,230690.44,Completed,Leave,Mar-2026,3,0.25,-173017.83000000002
ORD10823,2025-07-01,EMP007,Vikas Pawar,Nagpur,Central,Mouse,Accessories,5,867.87,4339.36,14753.84,Completed,Present,Jul-2025,7,0.29411732809898977,-10414.48
ORD10824,2025-04-07,EMP010,Anjali Verma,Delhi,North,Printer,Office Equipment,3,12116.38,36349.14,169629.33,Pending,WFH,Apr-2025,4,0.21428570165312805,-133280.19
ORD10825,2025-11-10,EMP016,Meera Krishnan,Chennai,South,Keyboard,Accessories,1,1922.08,1922.08,24987.05,Completed,Present,Nov-2025,11,0.07692304613789944,-23064.97
ORD10826,2025-12-16,EMP003,Rahul Deshmukh,Mumbai,West,Desk,Furniture,5,13344.01,0.0,106752.1,Cancelled,Present,Dec-2025,12,0.0,-106752.1
ORD10827,2025-04-21,EMP007,Vikas Pawar,Nagpur,Central,Headset,Accessories,6,1988.57,11931.43,21874.29,Pending,Present,Apr-2025,4,0.545454503894755,-9942.86
ORD10828,2025-10-10,EMP003,Rahul Deshmukh,Mumbai,West,Keyboard,Accessories,7,1702.65,11918.55,13621.2,Pending,Present,Oct-2025,10,0.8749999999999999,-1702.6500000000015
ORD10829,2025-10-08,EMP002,Neha Patil,Pune,West,Monitor,Electronics,6,14880.91,89285.48,252975.52,Completed,Present,Oct-2025,10,0.35294118577165096,-163690.03999999998
ORD10830,2025-10-05,EMP006,Sneha More,Nagpur,Central,SSD,Electronics,2,6214.63,12429.27,80790.24,Pending,Present,Oct-2025,10,0.15384618241015252,-68360.97
ORD10831,2025-09-24,EMP003,Rahul Deshmukh,Mumbai,West,SSD,Electronics,5,6265.68,31328.41,75188.19,Completed,Present,Sep-2025,9,0.41666663341676397,-43859.78
ORD10832,2025-11-22,EMP008,Pooja Shinde,Aurangabad,Central,Printer,Office Equipment,6,12750.61,76503.64,102004.85,Completed,Present,Nov-2025,11,0.7500000245086386,-25501.210000000006
ORD10833,2025-05-17,EMP013,Arjun Nair,Bengaluru,South,Desk,Furniture,7,12361.45,86530.17,111253.08,Completed,Present,May-2025,5,0.7777777478160605,-24722.910000000003
ORD10834,2025-10-03,EMP006,Sneha More,Nagpur,Central,Router,Networking,3,4624.07,13872.2,36992.54,Completed,Present,Oct-2025,10,0.37499993241880664,-23120.34
ORD10835,2025-04-21,EMP008,Pooja Shinde,Aurangabad,Central,Keyboard,Accessories,6,1885.84,11315.07,28287.67,Completed,Present,Apr-2025,4,0.4000000707021823,-16972.6
ORD10836,2025-05-01,EMP018,Isha Patel,Ahmedabad,West,Router,Networking,5,4792.16,23960.78,81466.64,Completed,Present,May-2025,5,0.2941176903822227,-57505.86
ORD10837,2026-01-17,EMP013,Arjun Nair,Bengaluru,South,Headset,Accessories,5,2002.57,10012.86,28036.02,Completed,Present,Jan-2026,1,0.35714270427828204,-18023.16
ORD10838,2025-07-11,EMP016,Meera Krishnan,Chennai,South,Headset,Accessories,7,2304.52,16131.64,18436.16,Completed,Present,Jul-2025,7,0.875,-2304.5200000000004
ORD10839,2025-06-30,EMP013,Arjun Nair,Bengaluru,South,SSD,Electronics,5,6710.22,33551.09,100653.26,Completed,Present,Jun-2025,6,0.3333333664503266,-67102.17
ORD10840,2025-08-13,EMP010,Anjali Verma,Delhi,North,Mouse,Accessories,1,876.56,876.56,7889.08,Completed,Present,Aug-2025,8,0.11111054774447716,-7012.52
ORD10841,2025-08-07,EMP010,Anjali Verma,Delhi,North,SSD,Electronics,4,6251.66,25006.65,62516.62,Completed,Present,Aug-2025,8,0.4000000319914928,-37509.97
ORD10842,2025-05-23,EMP002,Neha Patil,Pune,West,SSD,Electronics,2,6622.65,13245.31,59603.89,Completed,Present,May-2025,5,0.22222224086380937,-46358.58
ORD10843,2025-07-12,EMP016,Meera Krishnan,Chennai,South,Mouse,Accessories,1,858.28,858.28,6866.22,Completed,WFH,Jul-2025,7,0.12500036410135415,-6007.9400000000005
ORD10844,2025-07-14,EMP015,Sanjay Iyer,Chennai,South,Keyboard,Accessories,6,1870.96,11225.77,28064.42,Completed,Present,Jul-2025,7,0.40000007126461196,-16838.649999999998
ORD10845,2026-02-27,EMP001,Amit Sharma,Pune,West,Desk,Furniture,7,13322.57,93258.02,199838.61,Completed,Leave,Feb-2026,2,0.46666667667474276,-106580.58999999998
ORD10846,2025-04-16,EMP017,Nikhil Shah,Ahmedabad,West,Keyboard,Accessories,6,1910.0,11460.03,30560.08,Completed,Present,Apr-2025,4,0.375,-19100.050000000003
ORD10847,2025-11-04,EMP004,Priya Joshi,Mumbai,West,Printer,Office Equipment,3,11622.2,0.0,104599.76,Cancelled,Leave,Nov-2025,11,0.0,-104599.76
ORD10848,2025-09-25,EMP007,Vikas Pawar,Nagpur,Central,Office Chair,Furniture,3,8046.21,24138.63,64369.69,Pending,Present,Sep-2025,9,0.37499994174276746,-40231.06
ORD10849,2025-06-18,EMP002,Neha Patil,Pune,West,Router,Networking,7,4465.8,31260.6,49123.79,Completed,Present,Jun-2025,6,0.6363637659064986,-17863.190000000002
ORD10850,2026-01-13,EMP013,Arjun Nair,Bengaluru,South,Laptop,Electronics,4,48562.51,194250.05,631312.65,Completed,Present,Jan-2026,1,0.30769231378462,-437062.60000000003
ORD10851,2025-06-19,EMP001,Amit Sharma,Pune,West,Printer,Office Equipment,3,11543.22,34629.66,126975.43,Pending,Present,Jun-2025,6,0.272727251248529,-92345.76999999999
ORD10852,2025-06-07,EMP004,Priya Joshi,Mumbai,West,Mouse,Accessories,5,883.2,4416.02,14131.26,Completed,Present,Jun-2025,6,0.3125000884563726,-9715.24
ORD10853,2025-07-09,EMP012,Kavita Mehta,Jaipur,North,Office Chair,Furniture,7,8057.14,56399.95,104742.76,Completed,Present,Jul-2025,7,0.5384615604935368,-48342.81
ORD10854,2025-10-05,EMP009,Karan Singh,Delhi,North,Laptop,Electronics,5,48516.85,0.0,388134.76,Cancelled,Present,Oct-2025,10,0.0,-388134.76
ORD10855,2025-04-02,EMP009,Karan Singh,Delhi,North,Keyboard,Accessories,3,1914.9,5744.71,21063.94,Completed,Present,Apr-2025,4,0.2727272295686372,-15319.23
ORD10856,2025-12-03,EMP012,Kavita Mehta,Jaipur,North,Keyboard,Accessories,5,1866.93,9334.65,31737.81,Completed,WFH,Dec-2025,12,0.2941176470588235,-22403.160000000003
ORD10857,2025-06-08,EMP013,Arjun Nair,Bengaluru,South,SSD,Electronics,1,6580.21,6580.21,72382.34,Completed,Present,Jun-2025,6,0.09090905323038742,-65802.12999999999
ORD10858,2025-10-02,EMP018,Isha Patel,Ahmedabad,West,Router,Networking,7,4592.78,32149.48,78077.31,Completed,Present,Oct-2025,10,0.4117646983483422,-45927.83
ORD10859,2025-06-21,EMP018,Isha Patel,Ahmedabad,West,Router,Networking,1,5031.08,5031.08,50310.75,Completed,Present,Jun-2025,6,0.10000009938233877,-45279.67
ORD10860,2026-02-14,EMP006,Sneha More,Nagpur,Central,SSD,Electronics,2,6917.75,13835.5,76095.23,Completed,WFH,Feb-2026,2,0.1818182296051934,-62259.729999999996
ORD10861,2025-10-13,EMP014,Divya Rao,Bengaluru,South,Laptop,Electronics,4,49016.43,196065.7,735246.38,Completed,Present,Oct-2025,10,0.2666666648532156,-539180.6799999999
ORD10862,2025-06-08,EMP013,Arjun Nair,Bengaluru,South,Router,Networking,2,4461.46,8922.92,44614.62,Completed,Present,Jun-2025,6,0.19999991034329104,-35691.700000000004
ORD10863,2025-08-09,EMP009,Karan Singh,Delhi,North,SSD,Electronics,2,6998.22,13996.44,76980.4,Completed,Present,Aug-2025,8,0.18181822905570771,-62983.95999999999
ORD10864,2026-01-25,EMP003,Rahul Deshmukh,Mumbai,West,Office Chair,Furniture,7,8080.66,56564.62,105048.58,Completed,Present,Jan-2026,1,0.5384615384615384,-48483.96
ORD10865,2025-05-17,EMP002,Neha Patil,Pune,West,Monitor,Electronics,5,15250.09,76250.44,259251.49,Completed,Present,May-2025,5,0.29411765386575023,-183001.05
ORD10866,2026-02-06,EMP011,Manish Kumar,Jaipur,North,Router,Networking,2,4870.63,9741.26,68188.81,Completed,Present,Feb-2026,2,0.14285716380737545,-58447.549999999996
ORD10867,2026-02-17,EMP013,Arjun Nair,Bengaluru,South,Keyboard,Accessories,2,1825.72,3651.43,27385.76,Completed,Present,Feb-2026,2,0.13333316292847086,-23734.329999999998
ORD10868,2025-10-03,EMP017,Nikhil Shah,Ahmedabad,West,SSD,Electronics,4,6330.8,25323.21,56977.23,Completed,Leave,Oct-2025,10,0.4444443859415419,-31654.020000000004
ORD10869,2025-08-24,EMP004,Priya Joshi,Mumbai,West,Desk,Furniture,4,11287.51,45150.04,146737.64,Completed,Present,Aug-2025,8,0.30769228672343374,-101587.6
ORD10870,2025-12-11,EMP008,Pooja Shinde,Aurangabad,Central,Monitor,Electronics,1,15553.21,15553.21,155532.1,Pending,Leave,Dec-2025,12,0.09999999999999999,-139978.89
ORD10871,2025-12-17,EMP011,Manish Kumar,Jaipur,North,Desk,Furniture,3,11269.39,33808.18,169040.89,Completed,Present,Dec-2025,12,0.20000001183145685,-135232.71000000002
ORD10872,2025-06-22,EMP018,Isha Patel,Ahmedabad,West,SSD,Electronics,5,6344.54,31722.72,101512.69,Completed,Leave,Jun-2025,6,0.31250004309805995,-69789.97
ORD10873,2025-07-06,EMP015,Sanjay Iyer,Chennai,South,Office Chair,Furniture,7,8550.3,59852.1,128254.5,Completed,Present,Jul-2025,7,0.4666666666666667,-68402.4
ORD10874,2025-09-24,EMP005,Rohan Kulkarni,Nashik,West,Headset,Accessories,7,2323.34,16263.36,18586.69,Completed,Present,Sep-2025,9,0.8750003362621318,-2323.329999999998
ORD10875,2025-04-18,EMP018,Isha Patel,Ahmedabad,West,Printer,Office Equipment,6,13301.39,79808.33,186219.43,Completed,Present,Apr-2025,4,0.42857144391431123,-106411.09999999999
ORD10876,2025-11-27,EMP006,Sneha More,Nagpur,Central,Monitor,Electronics,1,15317.98,15317.98,137861.85,Completed,Present,Nov-2025,11,0.11111108693231665,-122543.87000000001
ORD10877,2025-06-11,EMP010,Anjali Verma,Delhi,North,Laptop,Electronics,7,48837.91,341865.34,830244.39,Pending,Present,Jun-2025,6,0.411764709424896,-488379.05
ORD10878,2025-12-18,EMP007,Vikas Pawar,Nagpur,Central,Keyboard,Accessories,6,1795.91,10775.48,25142.78,Completed,Present,Dec-2025,12,0.42857154220814087,-14367.3
ORD10879,2025-06-28,EMP013,Arjun Nair,Bengaluru,South,Printer,Office Equipment,1,11658.67,11658.67,163221.39,Completed,Present,Jun-2025,6,0.0714285670523943,-151562.72
ORD10880,2025-12-25,EMP002,Neha Patil,Pune,West,Keyboard,Accessories,2,1755.73,3511.46,22824.51,Completed,Present,Dec-2025,12,0.15384601903830578,-19313.05
ORD10881,2026-02-20,EMP016,Meera Krishnan,Chennai,South,Laptop,Electronics,3,47824.75,143474.26,669546.57,Completed,WFH,Feb-2026,2,0.21428570681797388,-526072.3099999999
ORD10882,2026-02-17,EMP011,Manish Kumar,Jaipur,North,Router,Networking,6,4734.4,28406.38,37875.17,Completed,Present,Feb-2026,2,0.7500000660063044,-9468.789999999997
ORD10883,2025-10-27,EMP012,Kavita Mehta,Jaipur,North,Router,Networking,2,4341.31,8682.63,65119.72,Completed,Present,Oct-2025,10,0.13333334357088758,-56437.090000000004
ORD10884,2026-02-08,EMP014,Divya Rao,Bengaluru,South,Keyboard,Accessories,6,1633.47,9800.79,27768.91,Pending,Present,Feb-2026,2,0.3529411129208889,-17968.12
ORD10885,2025-10-09,EMP002,Neha Patil,Pune,West,Desk,Furniture,7,13495.45,94468.14,134954.49,Completed,WFH,Oct-2025,10,0.6999999777702839,-40486.34999999999
ORD10886,2026-02-28,EMP016,Meera Krishnan,Chennai,South,Laptop,Electronics,5,52627.04,263135.2,894659.68,Pending,Present,Feb-2026,2,0.29411764705882354,-631524.48
ORD10887,2025-08-27,EMP001,Amit Sharma,Pune,West,Printer,Office Equipment,3,13381.09,40143.28,173954.22,Completed,Present,Aug-2025,8,0.23076922192517088,-133810.94
ORD10888,2025-04-28,EMP013,Arjun Nair,Bengaluru,South,Laptop,Electronics,7,53250.74,372755.17,905262.55,Pending,Present,Apr-2025,4,0.41176470848153385,-532507.3800000001
ORD10889,2025-10-21,EMP002,Neha Patil,Pune,West,Desk,Furniture,6,13061.52,78369.11,156738.22,Completed,WFH,Oct-2025,10,0.5,-78369.11
ORD10890,2025-07-08,EMP017,Nikhil Shah,Ahmedabad,West,Monitor,Electronics,7,14552.82,0.0,174633.82,Cancelled,Present,Jul-2025,7,0.0,-174633.82
ORD10891,2025-04-11,EMP002,Neha Patil,Pune,West,Desk,Furniture,1,11282.34,11282.34,101541.05,Completed,Present,Apr-2025,4,0.1111111220535931,-90258.71
ORD10892,2025-09-27,EMP013,Arjun Nair,Bengaluru,South,Printer,Office Equipment,5,12855.84,64279.2,167125.91,Completed,Present,Sep-2025,9,0.38461540762889485,-102846.71
ORD10893,2025-07-30,EMP006,Sneha More,Nagpur,Central,Router,Networking,1,5027.82,5027.82,40222.55,Completed,Leave,Jul-2025,7,0.1250000310770948,-35194.73
ORD10894,2025-05-18,EMP003,Rahul Deshmukh,Mumbai,West,Printer,Office Equipment,2,12660.37,25320.75,202565.98,Completed,Present,May-2025,5,0.12500001234165775,-177245.23
ORD10895,2026-02-03,EMP005,Rohan Kulkarni,Nashik,West,Desk,Furniture,6,13199.51,79197.09,197992.72,Completed,Present,Feb-2026,2,0.4000000101013815,-118795.63
ORD10896,2026-02-26,EMP013,Arjun Nair,Bengaluru,South,SSD,Electronics,7,6976.82,48837.74,104652.3,Completed,Present,Feb-2026,2,0.4666666666666666,-55814.560000000005
ORD10897,2025-09-25,EMP013,Arjun Nair,Bengaluru,South,Monitor,Electronics,7,13659.93,95619.52,163919.18,Completed,Present,Sep-2025,9,0.5833333231657211,-68299.65999999999
ORD10898,2026-01-05,EMP018,Isha Patel,Ahmedabad,West,Laptop,Electronics,2,54911.34,109822.67,933492.71,Completed,Present,Jan-2026,1,0.11764705693309592,-823670.0399999999
ORD10899,2025-11-13,EMP018,Isha Patel,Ahmedabad,West,Office Chair,Furniture,5,7811.87,39059.34,62494.95,Completed,Present,Nov-2025,11,0.6249999399951516,-23435.61
ORD10900,2026-01-04,EMP011,Manish Kumar,Jaipur,North,Laptop,Electronics,2,51814.05,103628.1,569954.54,Completed,Present,Jan-2026,1,0.1818181850082289,-466326.44000000006
ORD10901,2025-06-16,EMP018,Isha Patel,Ahmedabad,West,Office Chair,Furniture,6,8945.58,53673.49,125238.13,Completed,Present,Jun-2025,6,0.4285714741987923,-71564.64000000001
ORD10902,2025-10-06,EMP017,Nikhil Shah,Ahmedabad,West,Keyboard,Accessories,3,1914.3,5742.91,28714.57,Completed,Present,Oct-2025,10,0.19999986069789658,-22971.66
ORD10903,2025-10-13,EMP010,Anjali Verma,Delhi,North,SSD,Electronics,5,5974.33,29871.66,101563.63,Completed,Present,Oct-2025,10,0.29411768760135887,-71691.97
ORD10904,2025-06-19,EMP007,Vikas Pawar,Nagpur,Central,Keyboard,Accessories,2,1714.08,3428.15,17140.77,Completed,WFH,Jun-2025,6,0.19999976663825486,-13712.62
ORD10905,2025-11-14,EMP016,Meera Krishnan,Chennai,South,Laptop,Electronics,1,51456.75,51456.75,566024.29,Completed,Present,Nov-2025,11,0.09090908448469587,-514567.54000000004
ORD10906,2026-02-11,EMP006,Sneha More,Nagpur,Central,Keyboard,Accessories,4,1871.38,7485.52,14971.04,Completed,WFH,Feb-2026,2,0.5,-7485.52
ORD10907,2026-01-26,EMP002,Neha Patil,Pune,West,SSD,Electronics,1,6081.89,6081.89,79064.57,Completed,Present,Jan-2026,1,0.07692307692307693,-72982.68000000001
ORD10908,2025-05-01,EMP010,Anjali Verma,Delhi,North,Laptop,Electronics,6,51414.76,308488.57,874050.95,Completed,WFH,May-2025,5,0.3529411757975894,-565562.3799999999
ORD10909,2026-03-13,EMP018,Isha Patel,Ahmedabad,West,Monitor,Electronics,5,14883.26,0.0,148832.61,Cancelled,Present,Mar-2026,3,0.0,-148832.61
ORD10910,2026-03-28,EMP003,Rahul Deshmukh,Mumbai,West,Laptop,Electronics,7,51571.04,360997.25,721994.5,Completed,Present,Mar-2026,3,0.5,-360997.25
ORD10911,2025-07-10,EMP005,Rohan Kulkarni,Nashik,West,Monitor,Electronics,3,13252.23,39756.7,119270.09,Completed,Present,Jul-2025,7,0.33333336128110574,-79513.39
ORD10912,2025-10-31,EMP018,Isha Patel,Ahmedabad,West,Headset,Accessories,7,2316.39,16214.72,23163.88,Completed,Present,Oct-2025,10,0.700000172682642,-6949.160000000002
ORD10913,2025-08-01,EMP008,Pooja Shinde,Aurangabad,Central,Printer,Office Equipment,2,11628.27,23256.53,104654.39,Completed,Present,Aug-2025,8,0.22222221160526567,-81397.86
ORD10914,2025-10-08,EMP012,Kavita Mehta,Jaipur,North,Keyboard,Accessories,5,1854.83,9274.15,27822.46,Completed,Present,Oct-2025,10,0.33333321352605055,-18548.309999999998
ORD10915,2025-04-21,EMP010,Anjali Verma,Delhi,North,Keyboard,Accessories,6,1779.89,10679.33,19578.76,Completed,Present,Apr-2025,4,0.545454870482094,-8899.429999999998
ORD10916,2025-08-19,EMP005,Rohan Kulkarni,Nashik,West,Mouse,Accessories,4,938.61,3754.44,15017.77,Completed,Present,Aug-2025,8,0.24999983353054414,-11263.33
ORD10917,2025-08-27,EMP018,Isha Patel,Ahmedabad,West,Laptop,Electronics,3,49414.62,148243.85,395316.94,Pending,Present,Aug-2025,8,0.3749999936759604,-247073.09
ORD10918,2025-10-31,EMP014,Divya Rao,Bengaluru,South,Keyboard,Accessories,4,1675.34,6701.37,15078.09,Completed,Present,Oct-2025,10,0.4444442233731195,-8376.720000000001
ORD10919,2026-03-03,EMP007,Vikas Pawar,Nagpur,Central,Laptop,Electronics,6,50170.53,301023.2,752557.99,Completed,Present,Mar-2026,3,0.400000005315205,-451534.79
ORD10920,2025-11-15,EMP006,Sneha More,Nagpur,Central,Monitor,Electronics,7,13055.7,91389.9,169724.11,Completed,Present,Nov-2025,11,0.5384615067358433,-78334.20999999999
ORD10921,2025-05-14,EMP012,Kavita Mehta,Jaipur,North,Router,Networking,3,4382.66,13147.98,61357.23,Completed,Leave,May-2025,5,0.2142857492099953,-48209.25
ORD10922,2025-11-20,EMP003,Rahul Deshmukh,Mumbai,West,Mouse,Accessories,5,1013.46,5067.3,9121.14,Completed,Present,Nov-2025,11,0.5555555555555556,-4053.8399999999992
ORD10923,2025-08-14,EMP010,Anjali Verma,Delhi,North,Headset,Accessories,5,2254.24,11271.18,24796.59,Completed,Present,Aug-2025,8,0.4545455645312521,-13525.41
ORD10924,2026-01-30,EMP002,Neha Patil,Pune,West,Desk,Furniture,7,12522.92,87660.44,212889.63,Completed,Present,Jan-2026,1,0.41176472522405155,-125229.19
ORD10925,2025-08-05,EMP008,Pooja Shinde,Aurangabad,Central,Office Chair,Furniture,6,8230.3,49381.82,98763.64,Completed,WFH,Aug-2025,8,0.5,-49381.82
ORD10926,2026-03-30,EMP016,Meera Krishnan,Chennai,South,Router,Networking,7,4746.19,33223.36,56954.34,Completed,Present,Mar-2026,3,0.583333245543711,-23730.979999999996
ORD10927,2025-12-06,EMP016,Meera Krishnan,Chennai,South,Desk,Furniture,3,12129.06,36387.18,169806.85,Pending,Present,Dec-2025,12,0.21428570166633443,-133419.67
ORD10928,2026-03-28,EMP009,Karan Singh,Delhi,North,Keyboard,Accessories,2,1674.82,3349.64,28471.97,Completed,Present,Mar-2026,3,0.11764693486260346,-25122.33
ORD10929,2026-01-06,EMP007,Vikas Pawar,Nagpur,Central,Office Chair,Furniture,7,8166.34,57164.38,122495.1,Completed,Present,Jan-2026,1,0.4666666666666666,-65330.72000000001
ORD10930,2025-08-25,EMP015,Sanjay Iyer,Chennai,South,Laptop,Electronics,2,51227.19,102454.38,665953.5,Completed,WFH,Aug-2025,8,0.15384614691566303,-563499.12
ORD10931,2025-12-14,EMP012,Kavita Mehta,Jaipur,North,Headset,Accessories,6,2018.56,12111.37,30278.42,Pending,WFH,Dec-2025,12,0.40000006605364485,-18167.049999999996
ORD10932,2025-12-14,EMP009,Karan Singh,Delhi,North,Monitor,Electronics,5,14483.96,0.0,130355.68,Cancelled,Present,Dec-2025,12,0.0,-130355.68
ORD10933,2025-12-02,EMP001,Amit Sharma,Pune,West,Headset,Accessories,4,2194.32,8777.27,21943.17,Completed,Present,Dec-2025,12,0.4000000911445339,-13165.899999999998
ORD10934,2026-01-14,EMP008,Pooja Shinde,Aurangabad,Central,Printer,Office Equipment,1,12222.26,12222.26,195556.18,Completed,Present,Jan-2026,1,0.06249999360797496,-183333.91999999998
ORD10935,2025-06-26,EMP003,Rahul Deshmukh,Mumbai,West,Monitor,Electronics,7,14923.64,104465.5,194007.35,Pending,Leave,Jun-2025,6,0.5384615582863227,-89541.85
ORD10936,2025-12-08,EMP014,Divya Rao,Bengaluru,South,Desk,Furniture,2,11950.9,23901.81,179263.54,Completed,Present,Dec-2025,12,0.13333335936576954,-155361.73
ORD10937,2026-01-27,EMP006,Sneha More,Nagpur,Central,Desk,Furniture,6,12383.8,74302.83,185757.06,Completed,Present,Jan-2026,1,0.40000003230025283,-111454.23
ORD10938,2025-12-29,EMP001,Amit Sharma,Pune,West,Mouse,Accessories,6,901.07,5406.44,14417.19,Completed,Present,Dec-2025,12,0.37499956648972504,-9010.75
ORD10939,2025-10-22,EMP005,Rohan Kulkarni,Nashik,West,SSD,Electronics,6,6573.18,39439.08,105170.89,Completed,Present,Oct-2025,10,0.3749999643437457,-65731.81
ORD10940,2025-11-25,EMP014,Divya Rao,Bengaluru,South,Desk,Furniture,2,12754.51,25509.02,204072.15,Completed,Present,Nov-2025,11,0.1250000061252846,-178563.13
ORD10941,2025-09-24,EMP017,Nikhil Shah,Ahmedabad,West,Router,Networking,3,4653.82,13961.47,51192.04,Completed,Present,Sep-2025,9,0.27272736151948623,-37230.57
ORD10942,2026-02-06,EMP008,Pooja Shinde,Aurangabad,Central,Laptop,Electronics,6,51112.27,306673.6,766683.99,Completed,Present,Feb-2026,2,0.4000000052172734,-460010.39
ORD10943,2026-03-24,EMP011,Manish Kumar,Jaipur,North,Office Chair,Furniture,4,8912.63,35650.52,124776.83,Completed,WFH,Mar-2026,3,0.2857142628162616,-89126.31
ORD10944,2025-11-11,EMP007,Vikas Pawar,Nagpur,Central,Office Chair,Furniture,3,8520.92,25562.77,144855.68,Completed,Present,Nov-2025,11,0.17647060853947874,-119292.90999999999
ORD10945,2025-11-19,EMP002,Neha Patil,Pune,West,Office Chair,Furniture,7,7749.3,54245.07,116239.44,Pending,Present,Nov-2025,11,0.4666666494608026,-61994.37
ORD10946,2025-07-02,EMP018,Isha Patel,Ahmedabad,West,Desk,Furniture,7,11385.24,79696.71,193549.15,Completed,Present,Jul-2025,7,0.4117647119607604,-113852.43999999999
ORD10947,2025-11-10,EMP016,Meera Krishnan,Chennai,South,Router,Networking,5,4940.44,0.0,59285.28,Cancelled,Leave,Nov-2025,11,0.0,-59285.28
ORD10948,2025-08-19,EMP011,Manish Kumar,Jaipur,North,Router,Networking,3,4533.11,13599.33,63463.56,Completed,Present,Aug-2025,8,0.2142856467553979,-49864.229999999996
ORD10949,2025-06-01,EMP013,Arjun Nair,Bengaluru,South,Office Chair,Furniture,5,8924.78,44623.92,116022.18,Completed,Present,Jun-2025,6,0.3846154243955768,-71398.26
ORD10950,2025-06-30,EMP001,Amit Sharma,Pune,West,Laptop,Electronics,2,50946.02,101892.04,764190.32,Completed,Present,Jun-2025,6,0.13333332984380122,-662298.2799999999
ORD10951,2025-06-03,EMP018,Isha Patel,Ahmedabad,West,Mouse,Accessories,1,967.92,967.92,14518.76,Completed,Present,Jun-2025,6,0.06666685033708113,-13550.84
ORD10952,2025-09-28,EMP009,Karan Singh,Delhi,North,Mouse,Accessories,2,890.62,1781.23,12468.62,Completed,Present,Sep-2025,9,0.14285702828380364,-10687.390000000001
ORD10953,2025-09-23,EMP012,Kavita Mehta,Jaipur,North,Router,Networking,7,4978.31,0.0,64718.05,Cancelled,Present,Sep-2025,9,0.0,-64718.05
ORD10954,2025-09-10,EMP002,Neha Patil,Pune,West,Headset,Accessories,6,2020.75,12124.5,24249.0,Pending,Present,Sep-2025,9,0.5,-12124.5
ORD10955,2025-07-05,EMP011,Manish Kumar,Jaipur,North,SSD,Electronics,1,6452.77,6452.77,83886.07,Completed,Present,Jul-2025,7,0.07692302190339827,-77433.3
ORD10956,2025-08-15,EMP016,Meera Krishnan,Chennai,South,Headset,Accessories,6,2262.61,13575.64,33939.09,Completed,Present,Aug-2025,8,0.40000011785819833,-20363.449999999997
ORD10957,2025-05-09,EMP005,Rohan Kulkarni,Nashik,West,Monitor,Electronics,2,15578.61,31157.21,233679.1,Completed,Present,May-2025,5,0.13333331906875712,-202521.89
ORD10958,2025-05-04,EMP018,Isha Patel,Ahmedabad,West,Office Chair,Furniture,2,8308.43,16616.85,116317.95,Pending,Present,May-2025,5,0.14285714285714285,-99701.1
ORD10959,2025-10-06,EMP003,Rahul Deshmukh,Mumbai,West,Headset,Accessories,4,2117.53,8470.1,16940.21,Pending,Present,Oct-2025,10,0.4999997048442729,-8470.109999999999
ORD10960,2025-05-15,EMP012,Kavita Mehta,Jaipur,North,Laptop,Electronics,4,53598.2,214392.8,911169.41,Completed,Present,May-2025,5,0.2352941150647276,-696776.6100000001
ORD10961,2025-10-07,EMP015,Sanjay Iyer,Chennai,South,Monitor,Electronics,4,14399.71,57598.86,215995.71,Completed,Present,Oct-2025,10,0.266666685185553,-158396.84999999998
ORD10962,2025-05-10,EMP003,Rahul Deshmukh,Mumbai,West,Monitor,Electronics,5,14674.92,0.0,146749.22,Cancelled,Present,May-2025,5,0.0,-146749.22
ORD10963,2025-11-26,EMP018,Isha Patel,Ahmedabad,West,Mouse,Accessories,3,927.57,2782.7,7420.54,Completed,Present,Nov-2025,11,0.37499966309729477,-4637.84
ORD10964,2026-02-21,EMP014,Divya Rao,Bengaluru,South,Office Chair,Furniture,1,8244.67,8244.67,98936.07,Completed,Present,Feb-2026,2,0.08333330806449053,-90691.40000000001
ORD10965,2025-04-25,EMP007,Vikas Pawar,Nagpur,Central,SSD,Electronics,1,6976.66,6976.66,97673.25,Completed,Present,Apr-2025,4,0.07142856411555876,-90696.59
ORD10966,2025-04-11,EMP009,Karan Singh,Delhi,North,Keyboard,Accessories,7,1712.91,11990.39,27406.6,Completed,Present,Apr-2025,4,0.4375000912189035,-15416.21
ORD10967,2025-11-15,EMP007,Vikas Pawar,Nagpur,Central,Desk,Furniture,1,13152.4,13152.4,184133.59,Completed,Present,Nov-2025,11,0.0714285753077426,-170981.19
ORD10968,2025-10-07,EMP013,Arjun Nair,Bengaluru,South,Monitor,Electronics,7,15609.79,109268.51,140488.08,Completed,Present,Oct-2025,10,0.7777778015045832,-31219.569999999992
ORD10969,2025-10-11,EMP016,Meera Krishnan,Chennai,South,Office Chair,Furniture,5,9038.86,45194.29,108466.3,Completed,Present,Oct-2025,10,0.41666665130091096,-63272.01
ORD10970,2025-07-11,EMP008,Pooja Shinde,Aurangabad,Central,Printer,Office Equipment,2,11773.36,23546.72,176600.38,Completed,Present,Jul-2025,7,0.1333333484333386,-153053.66
ORD10971,2025-07-12,EMP006,Sneha More,Nagpur,Central,Office Chair,Furniture,2,8578.67,0.0,145837.37,Cancelled,Present,Jul-2025,7,0.0,-145837.37
ORD10972,2025-05-31,EMP007,Vikas Pawar,Nagpur,Central,Router,Networking,1,4921.66,4921.66,39373.26,Completed,Present,May-2025,5,0.12500006349486936,-34451.600000000006
ORD10973,2025-07-01,EMP011,Manish Kumar,Jaipur,North,Laptop,Electronics,1,51684.34,51684.34,568527.71,Completed,Present,Jul-2025,7,0.09090909570617059,-516843.37
ORD10974,2025-10-23,EMP017,Nikhil Shah,Ahmedabad,West,Office Chair,Furniture,6,8805.05,52830.28,105660.56,Pending,Present,Oct-2025,10,0.5,-52830.28
ORD10975,2025-08-31,EMP002,Neha Patil,Pune,West,Office Chair,Furniture,6,7886.91,47321.44,86755.98,Completed,Present,Aug-2025,8,0.5454545035396984,-39434.53999999999
ORD10976,2025-07-27,EMP005,Rohan Kulkarni,Nashik,West,Office Chair,Furniture,1,8793.69,8793.69,123111.73,Completed,Present,Jul-2025,7,0.07142853081505719,-114318.04
ORD10977,2025-11-14,EMP017,Nikhil Shah,Ahmedabad,West,Printer,Office Equipment,6,12840.31,77041.85,192604.62,Completed,Present,Nov-2025,11,0.40000001038396693,-115562.76999999999
ORD10978,2026-03-10,EMP003,Rahul Deshmukh,Mumbai,West,Router,Networking,3,5133.81,15401.42,66739.48,Completed,Present,Mar-2026,3,0.23076925382097674,-51338.06
ORD10979,2025-05-16,EMP017,Nikhil Shah,Ahmedabad,West,Laptop,Electronics,5,48588.34,242941.71,777413.47,Completed,Present,May-2025,5,0.312500000803948,-534471.76
ORD10980,2025-11-25,EMP017,Nikhil Shah,Ahmedabad,West,Keyboard,Accessories,7,1658.07,11606.49,13264.56,Completed,Present,Nov-2025,11,0.875,-1658.0699999999997
ORD10981,2026-03-09,EMP011,Manish Kumar,Jaipur,North,Router,Networking,1,4730.16,4730.16,80412.7,Completed,Present,Mar-2026,3,0.058823544042172445,-75682.54
ORD10982,2025-11-02,EMP012,Kavita Mehta,Jaipur,North,Office Chair,Furniture,7,7782.73,54479.08,124523.61,Completed,Present,Nov-2025,11,0.4375000050191285,-70044.53
ORD10983,2025-04-22,EMP009,Karan Singh,Delhi,North,Desk,Furniture,1,12085.36,12085.36,205451.11,Completed,Present,Apr-2025,4,0.05882353227490473,-193365.75
ORD10984,2026-03-24,EMP006,Sneha More,Nagpur,Central,Headset,Accessories,3,2194.17,6582.5,24135.84,Completed,Present,Mar-2026,3,0.27272719739607154,-17553.34
ORD10985,2025-12-24,EMP010,Anjali Verma,Delhi,North,Monitor,Electronics,7,14193.47,99354.3,156128.19,Completed,Present,Dec-2025,12,0.636363618895473,-56773.89
ORD10986,2025-08-24,EMP009,Karan Singh,Delhi,North,SSD,Electronics,1,6911.03,6911.03,96754.47,Completed,Present,Aug-2025,8,0.07142853451628643,-89843.44
ORD10987,2025-11-16,EMP015,Sanjay Iyer,Chennai,South,Keyboard,Accessories,3,1780.25,5340.75,17802.49,Completed,Present,Nov-2025,11,0.30000016851575256,-12461.740000000002
ORD10988,2025-07-18,EMP010,Anjali Verma,Delhi,North,Headset,Accessories,7,2333.33,16333.28,20999.94,Completed,Leave,Jul-2025,7,0.7777774603165534,-4666.659999999998
ORD10989,2025-07-14,EMP002,Neha Patil,Pune,West,Desk,Furniture,4,12190.43,48761.72,207237.3,Completed,Present,Jul-2025,7,0.23529412900090865,-158475.58
ORD10990,2025-08-11,EMP011,Manish Kumar,Jaipur,North,Laptop,Electronics,2,50160.25,100320.49,501602.47,Completed,Present,Aug-2025,8,0.19999999202555763,-401281.98
ORD10991,2025-08-27,EMP004,Priya Joshi,Mumbai,West,Headset,Accessories,4,2040.18,8160.74,16321.47,Completed,Leave,Aug-2025,8,0.5000003063449554,-8160.73
ORD10992,2025-10-20,EMP013,Arjun Nair,Bengaluru,South,Desk,Furniture,5,11819.7,59098.51,200934.94,Completed,Present,Oct-2025,10,0.29411763827634957,-141836.43
ORD10993,2026-02-15,EMP017,Nikhil Shah,Ahmedabad,West,Keyboard,Accessories,3,1720.24,5160.71,20642.82,Completed,Present,Feb-2026,2,0.2500002422149687,-15482.11
ORD10994,2025-05-12,EMP011,Manish Kumar,Jaipur,North,Keyboard,Accessories,4,1878.86,7515.44,31940.61,Completed,Present,May-2025,5,0.23529419131319032,-24425.170000000002
ORD10995,2026-03-16,EMP010,Anjali Verma,Delhi,North,SSD,Electronics,3,6269.88,18809.63,106587.9,Completed,Present,Mar-2026,3,0.17647059375407528,-87778.26999999999
ORD10996,2025-11-17,EMP007,Vikas Pawar,Nagpur,Central,Mouse,Accessories,3,906.77,2720.32,8160.96,Pending,Present,Nov-2025,11,0.33333333333333337,-5440.639999999999
ORD10997,2026-03-06,EMP004,Priya Joshi,Mumbai,West,Desk,Furniture,5,11471.73,57358.65,183547.69,Completed,Present,Mar-2026,3,0.31249998297445203,-126189.04000000001
ORD10998,2026-03-28,EMP011,Manish Kumar,Jaipur,North,Office Chair,Furniture,1,7885.56,7885.56,110397.89,Completed,Present,Mar-2026,3,0.07142853907805666,-102512.33
ORD10999,2025-05-07,EMP007,Vikas Pawar,Nagpur,Central,Keyboard,Accessories,6,1758.56,10551.39,14068.52,Completed,Present,May-2025,5,0.7499999999999999,-3517.130000000001
ORD11000,2026-02-22,EMP001,Amit Sharma,Pune,West,Monitor,Electronics,6,14287.41,85724.44,128586.66,Completed,Present,Feb-2026,2,0.6666666666666666,-42862.22
ORD11001,2025-08-10,EMP005,Rohan Kulkarni,Nashik,West,Mouse,Accessories,5,1016.39,5081.93,9147.47,Pending,Present,Aug-2025,8,0.5555557984885439,-4065.539999999999
ORD11002,2025-09-23,EMP001,Amit Sharma,Pune,West,SSD,Electronics,3,6774.27,20322.81,67742.7,Pending,Present,Sep-2025,9,0.30000000000000004,-47419.89
ORD11003,2026-02-15,EMP010,Anjali Verma,Delhi,North,Printer,Office Equipment,1,11416.67,11416.67,114166.69,Completed,Present,Feb-2026,2,0.1000000087591223,-102750.02
ORD11004,2026-02-14,EMP009,Karan Singh,Delhi,North,Office Chair,Furniture,7,7916.54,55415.8,126664.68,Completed,Present,Feb-2026,2,0.4375000197371517,-71248.87999999999
ORD11005,2025-09-09,EMP009,Karan Singh,Delhi,North,Laptop,Electronics,1,48295.25,48295.25,627838.31,Completed,WFH,Sep-2025,9,0.07692306957184565,-579543.06
ORD11006,2025-06-01,EMP014,Divya Rao,Bengaluru,South,Mouse,Accessories,4,959.44,3837.74,14391.53,Completed,Present,Jun-2025,6,0.26666657401957955,-10553.79
ORD11007,2025-04-28,EMP004,Priya Joshi,Mumbai,West,Headset,Accessories,4,2150.21,8600.85,32253.2,Completed,Present,Apr-2025,4,0.2666665633177483,-23652.35
ORD11008,2025-08-05,EMP018,Isha Patel,Ahmedabad,West,SSD,Electronics,2,6011.79,12023.58,48094.33,Completed,Present,Aug-2025,8,0.2499999480188205,-36070.75
ORD11009,2025-10-05,EMP010,Anjali Verma,Delhi,North,Office Chair,Furniture,1,9090.06,9090.06,72720.47,Completed,Present,Oct-2025,10,0.1250000171891078,-63630.41
ORD11010,2025-09-29,EMP001,Amit Sharma,Pune,West,Laptop,Electronics,5,51174.75,255873.73,409397.96,Completed,WFH,Sep-2025,9,0.6250000122130555,-153524.23
ORD11011,2025-07-18,EMP011,Manish Kumar,Jaipur,North,Laptop,Electronics,1,47723.69,47723.69,811302.79,Completed,Present,Jul-2025,7,0.05882352506146318,-763579.1000000001
ORD11012,2026-02-14,EMP017,Nikhil Shah,Ahmedabad,West,Router,Networking,2,5032.17,10064.34,45289.51,Completed,Present,Feb-2026,2,0.22222232035630327,-35225.17
ORD11013,2025-04-20,EMP016,Meera Krishnan,Chennai,South,Router,Networking,2,4433.08,8866.16,48763.89,Completed,WFH,Apr-2025,4,0.18181814453276798,-39897.729999999996
ORD11014,2025-12-21,EMP012,Kavita Mehta,Jaipur,North,SSD,Electronics,2,6991.04,13982.07,90883.47,Completed,Present,Dec-2025,12,0.15384612845438228,-76901.4
ORD11015,2025-10-11,EMP010,Anjali Verma,Delhi,North,Laptop,Electronics,5,49513.7,247568.48,445623.26,Completed,Present,Oct-2025,10,0.555555560542329,-198054.78
ORD11016,2025-04-08,EMP010,Anjali Verma,Delhi,North,Printer,Office Equipment,2,12128.15,24256.3,157665.92,Completed,Present,Apr-2025,4,0.15384618311934498,-133409.62000000002
ORD11017,2026-01-01,EMP018,Isha Patel,Ahmedabad,West,Router,Networking,2,4424.68,8849.36,75219.53,Completed,Present,Jan-2026,1,0.11764710574501065,-66370.17
ORD11018,2025-09-06,EMP010,Anjali Verma,Delhi,North,Office Chair,Furniture,4,8426.49,33705.96,109544.36,Completed,Present,Sep-2025,9,0.30769233578068284,-75838.4
ORD11019,2026-03-25,EMP017,Nikhil Shah,Ahmedabad,West,Keyboard,Accessories,5,1815.19,9075.95,23597.48,Completed,Present,Mar-2026,3,0.38461522162536005,-14521.529999999999
ORD11020,2025-08-31,EMP008,Pooja Shinde,Aurangabad,Central,Office Chair,Furniture,2,7996.01,15992.02,127936.19,Pending,Present,Aug-2025,8,0.12499997068851276,-111944.17
ORD11021,2025-09-16,EMP004,Priya Joshi,Mumbai,West,Office Chair,Furniture,7,8251.04,57757.31,74259.39,Completed,Present,Sep-2025,9,0.7777778675531808,-16502.08
ORD11022,2025-06-16,EMP003,Rahul Deshmukh,Mumbai,West,Router,Networking,5,4953.17,24765.86,64391.24,Completed,Present,Jun-2025,6,0.38461536072298036,-39625.38
ORD11023,2025-07-21,EMP002,Neha Patil,Pune,West,Headset,Accessories,6,2284.43,13706.58,27413.17,Completed,Present,Jul-2025,7,0.49999981760591716,-13706.589999999998
ORD11024,2025-08-10,EMP003,Rahul Deshmukh,Mumbai,West,SSD,Electronics,7,6940.13,48580.88,90221.63,Completed,Present,Aug-2025,8,0.5384615640395767,-41640.75000000001
ORD11025,2025-09-10,EMP002,Neha Patil,Pune,West,Router,Networking,3,4732.17,14196.51,52053.87,Completed,Present,Sep-2025,9,0.2727272727272727,-37857.36
ORD11026,2026-02-04,EMP008,Pooja Shinde,Aurangabad,Central,SSD,Electronics,2,6224.47,12448.94,99591.52,Completed,Present,Feb-2026,2,0.125,-87142.58
ORD11027,2025-11-06,EMP008,Pooja Shinde,Aurangabad,Central,Keyboard,Accessories,3,1867.95,5603.84,24283.32,Completed,Present,Nov-2025,11,0.23076910405990614,-18679.48
ORD11028,2025-04-09,EMP012,Kavita Mehta,Jaipur,North,Printer,Office Equipment,3,13335.76,40007.28,160029.11,Completed,Present,Apr-2025,4,0.25000001562215773,-120021.82999999999
ORD11029,2025-08-14,EMP004,Priya Joshi,Mumbai,West,Desk,Furniture,6,12176.88,73061.28,146122.56,Pending,Leave,Aug-2025,8,0.5,-73061.28
ORD11030,2025-08-17,EMP013,Arjun Nair,Bengaluru,South,Router,Networking,4,4880.87,19523.48,82974.77,Completed,Present,Aug-2025,8,0.23529417436167643,-63451.29000000001
ORD11031,2026-02-08,EMP017,Nikhil Shah,Ahmedabad,West,SSD,Electronics,4,6746.58,26986.3,114691.79,Completed,Present,Feb-2026,2,0.2352940868740474,-87705.48999999999
ORD11032,2025-10-18,EMP001,Amit Sharma,Pune,West,Mouse,Accessories,7,951.84,6662.89,7614.73,Pending,Present,Oct-2025,10,0.875000164155525,-951.8399999999992
ORD11033,2025-12-07,EMP015,Sanjay Iyer,Chennai,South,Monitor,Electronics,1,14286.55,14286.55,214298.22,Completed,Present,Dec-2025,12,0.06666667599945533,-200011.67
ORD11034,2025-06-23,EMP016,Meera Krishnan,Chennai,South,Printer,Office Equipment,1,12830.92,12830.92,102647.33,Completed,Present,Jun-2025,6,0.12500003653285477,-89816.41
ORD11035,2026-02-26,EMP015,Sanjay Iyer,Chennai,South,Monitor,Electronics,7,14150.98,99056.83,198113.66,Pending,Present,Feb-2026,2,0.5,-99056.83
ORD11036,2026-02-12,EMP015,Sanjay Iyer,Chennai,South,Office Chair,Furniture,7,7954.36,55680.54,103406.71,Completed,Present,Feb-2026,2,0.5384615756559704,-47726.170000000006
ORD11037,2025-06-14,EMP002,Neha Patil,Pune,West,Headset,Accessories,4,2265.56,9062.26,36249.03,Pending,Present,Jun-2025,6,0.2500000689673627,-27186.769999999997
ORD11038,2026-03-09,EMP005,Rohan Kulkarni,Nashik,West,Office Chair,Furniture,5,8370.18,41850.9,108812.34,Completed,WFH,Mar-2026,3,0.38461538461538464,-66961.44
ORD11039,2025-12-27,EMP001,Amit Sharma,Pune,West,Headset,Accessories,3,2013.02,6039.05,22143.2,Completed,Present,Dec-2025,12,0.2727270674518588,-16104.150000000001
ORD11040,2025-06-06,EMP010,Anjali Verma,Delhi,North,Laptop,Electronics,7,52617.31,368321.16,841876.93,Completed,Present,Jun-2025,6,0.4375000037119439,-473555.7700000001
ORD11041,2025-06-10,EMP015,Sanjay Iyer,Chennai,South,Keyboard,Accessories,7,1620.08,11340.55,17820.86,Completed,Present,Jun-2025,6,0.6363637894018582,-6480.310000000001
ORD11042,2025-05-11,EMP007,Vikas Pawar,Nagpur,Central,SSD,Electronics,2,6679.68,13359.36,80156.15,Completed,Leave,May-2025,5,0.16666668745941518,-66796.79
ORD11043,2026-02-01,EMP017,Nikhil Shah,Ahmedabad,West,Headset,Accessories,4,2303.45,9213.8,23034.5,Completed,Present,Feb-2026,2,0.39999999999999997,-13820.7
ORD11044,2025-07-18,EMP015,Sanjay Iyer,Chennai,South,Mouse,Accessories,1,855.5,855.5,8554.98,Completed,Present,Jul-2025,7,0.10000023378196092,-7699.48
ORD11045,2025-08-26,EMP009,Karan Singh,Delhi,North,Monitor,Electronics,6,14220.93,85325.59,170651.17,Pending,Present,Aug-2025,8,0.5000000292995354,-85325.58000000002
ORD11046,2026-01-06,EMP011,Manish Kumar,Jaipur,North,Router,Networking,6,5125.91,30755.49,82014.63,Completed,Present,Jan-2026,1,0.37500004572354956,-51259.14
ORD11047,2025-04-14,EMP001,Amit Sharma,Pune,West,Laptop,Electronics,1,50989.25,50989.25,611871.06,Completed,Leave,Apr-2025,4,0.08333332516167703,-560881.81
ORD11048,2026-01-04,EMP009,Karan Singh,Delhi,North,Headset,Accessories,6,2027.42,12164.52,16219.36,Completed,Present,Jan-2026,1,0.75,-4054.84
ORD11049,2026-03-12,EMP016,Meera Krishnan,Chennai,South,SSD,Electronics,7,6642.2,46495.4,99633.0,Completed,Present,Mar-2026,3,0.4666666666666667,-53137.6
ORD11050,2025-06-11,EMP002,Neha Patil,Pune,West,Monitor,Electronics,3,15462.93,46388.79,216481.02,Completed,Present,Jun-2025,6,0.2142857142857143,-170092.22999999998
ORD11051,2025-06-07,EMP014,Divya Rao,Bengaluru,South,Printer,Office Equipment,2,13062.62,26125.24,143688.81,Completed,Present,Jun-2025,6,0.18181819447178943,-117563.56999999999
ORD11052,2026-03-12,EMP017,Nikhil Shah,Ahmedabad,West,Office Chair,Furniture,7,8044.45,56311.15,88488.96,Completed,Present,Mar-2026,3,0.6363635644491696,-32177.810000000005
ORD11053,2025-08-30,EMP013,Arjun Nair,Bengaluru,South,Desk,Furniture,3,12641.82,37925.45,214910.88,Completed,Present,Aug-2025,8,0.17647059097240678,-176985.43
ORD11054,2025-05-22,EMP001,Amit Sharma,Pune,West,Laptop,Electronics,7,50138.93,350972.5,601667.15,Pending,Present,May-2025,5,0.5833333264081311,-250694.65000000002
ORD11055,2026-01-19,EMP007,Vikas Pawar,Nagpur,Central,Laptop,Electronics,6,46885.79,0.0,562629.47,Cancelled,WFH,Jan-2026,1,0.0,-562629.47
ORD11056,2025-05-24,EMP015,Sanjay Iyer,Chennai,South,Office Chair,Furniture,2,8666.07,17332.15,147323.26,Pending,Present,May-2025,5,0.11764707080199013,-129991.11000000002
ORD11057,2025-09-05,EMP005,Rohan Kulkarni,Nashik,West,Office Chair,Furniture,3,8274.3,24822.91,99291.62,Completed,Leave,Sep-2025,9,0.2500000503567169,-74468.70999999999
ORD11058,2026-02-18,EMP015,Sanjay Iyer,Chennai,South,Router,Networking,7,4918.38,34428.68,68857.36,Pending,Present,Feb-2026,2,0.5,-34428.68
ORD11059,2026-01-25,EMP001,Amit Sharma,Pune,West,Headset,Accessories,1,2169.57,2169.57,19526.09,Pending,Present,Jan-2026,1,0.11111133872680092,-17356.52
ORD11060,2025-06-29,EMP008,Pooja Shinde,Aurangabad,Central,Headset,Accessories,6,2044.22,12265.35,26574.92,Completed,Leave,Jun-2025,6,0.4615385483756866,-14309.569999999998
ORD11061,2025-12-21,EMP007,Vikas Pawar,Nagpur,Central,Router,Networking,5,4988.95,24944.76,49889.53,Completed,Present,Dec-2025,12,0.49999989977857073,-24944.77
ORD11062,2025-09-27,EMP002,Neha Patil,Pune,West,Router,Networking,3,4860.95,14582.85,63192.33,Completed,Present,Sep-2025,9,0.2307693038063322,-48609.48
ORD11063,2026-01-13,EMP001,Amit Sharma,Pune,West,Printer,Office Equipment,6,13096.06,78576.33,130960.55,Completed,Present,Jan-2026,1,0.6,-52384.22
ORD11064,2025-11-30,EMP009,Karan Singh,Delhi,North,Printer,Office Equipment,4,12892.25,51569.0,219168.26,Pending,Present,Nov-2025,11,0.23529410691128358,-167599.26
ORD11065,2025-06-12,EMP006,Sneha More,Nagpur,Central,SSD,Electronics,5,6415.13,32075.63,64151.27,Completed,Present,Jun-2025,6,0.4999999220592204,-32075.639999999996
ORD11066,2025-10-28,EMP013,Arjun Nair,Bengaluru,South,Desk,Furniture,2,11723.69,23447.38,199302.71,Completed,WFH,Oct-2025,10,0.11764707062939586,-175855.33
ORD11067,2025-05-31,EMP004,Priya Joshi,Mumbai,West,SSD,Electronics,1,6929.0,6929.0,62361.01,Completed,Present,May-2025,5,0.11111109329371029,-55432.01
ORD11068,2026-01-07,EMP008,Pooja Shinde,Aurangabad,Central,Keyboard,Accessories,3,1777.6,5332.79,23108.74,Completed,Present,Jan-2026,1,0.23076939720642492,-17775.95
ORD11069,2025-10-13,EMP009,Karan Singh,Delhi,North,Printer,Office Equipment,3,12297.39,36892.16,159866.04,Pending,Present,Oct-2025,10,0.23076921152234708,-122973.88
ORD11070,2026-03-25,EMP010,Anjali Verma,Delhi,North,Headset,Accessories,6,2342.37,14054.24,23423.73,Completed,Present,Mar-2026,3,0.6000000853834978,-9369.49
ORD11071,2025-10-16,EMP007,Vikas Pawar,Nagpur,Central,Desk,Furniture,2,11634.23,23268.46,174513.43,Pending,Present,Oct-2025,10,0.1333333486139147,-151244.97
ORD11072,2026-01-08,EMP011,Manish Kumar,Jaipur,North,Printer,Office Equipment,1,11477.62,11477.62,160686.66,Pending,WFH,Jan-2026,1,0.07142858031898852,-149209.04
ORD11073,2025-07-19,EMP013,Arjun Nair,Bengaluru,South,SSD,Electronics,6,6148.56,36891.38,98377.01,Completed,Present,Jul-2025,7,0.3750000127062207,-61485.63
ORD11074,2025-12-30,EMP011,Manish Kumar,Jaipur,North,Laptop,Electronics,5,53957.06,269785.32,917270.09,Completed,Present,Dec-2025,12,0.29411764641753446,-647484.77
ORD11075,2025-05-30,EMP003,Rahul Deshmukh,Mumbai,West,Headset,Accessories,7,2045.17,14316.21,32722.77,Completed,Present,May-2025,5,0.43749994270044984,-18406.56
ORD11076,2026-02-14,EMP016,Meera Krishnan,Chennai,South,Office Chair,Furniture,4,8463.86,33855.43,101566.29,Completed,Present,Feb-2026,2,0.33333333333333337,-67710.85999999999
ORD11077,2025-10-24,EMP001,Amit Sharma,Pune,West,Desk,Furniture,4,13170.14,52680.56,105361.12,Pending,Leave,Oct-2025,10,0.5,-52680.56
ORD11078,2025-06-13,EMP017,Nikhil Shah,Ahmedabad,West,Mouse,Accessories,7,1023.1,7161.67,12277.16,Completed,Present,Jun-2025,6,0.5833327903195853,-5115.49
ORD11079,2025-06-09,EMP001,Amit Sharma,Pune,West,Headset,Accessories,6,1980.16,11880.95,29702.39,Completed,Present,Jun-2025,6,0.39999979799605356,-17821.44
ORD11080,2026-03-13,EMP018,Isha Patel,Ahmedabad,West,Mouse,Accessories,6,931.2,5587.23,15830.47,Completed,WFH,Mar-2026,3,0.3529415108963916,-10243.24
ORD11081,2025-11-12,EMP007,Vikas Pawar,Nagpur,Central,SSD,Electronics,2,6873.76,13747.52,82485.12,Completed,Present,Nov-2025,11,0.16666666666666669,-68737.59999999999
ORD11082,2025-11-25,EMP001,Amit Sharma,Pune,West,Headset,Accessories,1,2001.22,2001.22,16009.73,Completed,Present,Nov-2025,11,0.12500023423255732,-14008.51
ORD11083,2025-05-27,EMP017,Nikhil Shah,Ahmedabad,West,Desk,Furniture,1,13383.96,13383.96,107071.65,Completed,WFH,May-2025,5,0.12500003502327647,-93687.69
ORD11084,2025-06-28,EMP001,Amit Sharma,Pune,West,Router,Networking,1,4458.86,4458.86,75800.56,Pending,Present,Jun-2025,6,0.0588235759735812,-71341.7
ORD11085,2025-04-02,EMP009,Karan Singh,Delhi,North,Desk,Furniture,1,12218.21,12218.21,134400.33,Completed,Present,Apr-2025,4,0.0909090773809856,-122182.12
ORD11086,2025-08-09,EMP011,Manish Kumar,Jaipur,North,Router,Networking,2,5001.95,10003.89,45017.52,Completed,Present,Aug-2025,8,0.22222214817697644,-35013.63
ORD11087,2026-03-02,EMP011,Manish Kumar,Jaipur,North,Office Chair,Furniture,4,7751.6,31006.4,100770.8,Completed,Present,Mar-2026,3,0.3076923076923077,-69764.4
ORD11088,2025-06-27,EMP009,Karan Singh,Delhi,North,Headset,Accessories,4,2190.71,8762.83,35051.3,Completed,Present,Jun-2025,6,0.25000014264806153,-26288.47
ORD11089,2026-02-01,EMP010,Anjali Verma,Delhi,North,SSD,Electronics,7,6071.29,42499.05,97140.68,Completed,Present,Feb-2026,2,0.437500025735871,-54641.62999999999
ORD11090,2026-02-11,EMP014,Divya Rao,Bengaluru,South,Printer,Office Equipment,2,13013.06,26026.13,143143.7,Completed,Present,Feb-2026,2,0.1818182008708731,-117117.57
ORD11091,2025-09-06,EMP011,Manish Kumar,Jaipur,North,Mouse,Accessories,4,996.88,3987.51,13956.29,Completed,Present,Sep-2025,9,0.2857141833538856,-9968.78
ORD11092,2025-11-13,EMP009,Karan Singh,Delhi,North,Headset,Accessories,6,2247.51,13485.06,22475.11,Completed,Present,Nov-2025,11,0.599999733038014,-8990.050000000001
ORD11093,2025-05-05,EMP004,Priya Joshi,Mumbai,West,Printer,Office Equipment,2,11420.99,0.0,114209.85,Cancelled,WFH,May-2025,5,0.0,-114209.85
ORD11094,2025-08-28,EMP001,Amit Sharma,Pune,West,Mouse,Accessories,3,1000.28,3000.84,8002.25,Completed,Present,Aug-2025,8,0.37499953138179887,-5001.41
ORD11095,2025-08-15,EMP013,Arjun Nair,Bengaluru,South,Monitor,Electronics,2,14702.83,29405.66,249948.14,Completed,Present,Aug-2025,8,0.11764704470295317,-220542.48
ORD11096,2025-10-12,EMP013,Arjun Nair,Bengaluru,South,Keyboard,Accessories,7,1648.91,11542.36,21435.8,Completed,WFH,Oct-2025,10,0.5384618255441831,-9893.439999999999
ORD11097,2025-06-26,EMP002,Neha Patil,Pune,West,Monitor,Electronics,2,13899.34,27798.68,111194.73,Pending,Present,Jun-2025,6,0.2499999775169201,-83396.04999999999
ORD11098,2025-12-10,EMP007,Vikas Pawar,Nagpur,Central,Printer,Office Equipment,3,13078.38,39235.14,104627.03,Pending,Present,Dec-2025,12,0.37500003584159847,-65391.89
ORD11099,2026-01-30,EMP009,Karan Singh,Delhi,North,Monitor,Electronics,1,14852.51,14852.51,207935.08,Completed,Present,Jan-2026,1,0.0714285920394,-193082.56999999998
ORD11100,2025-11-21,EMP004,Priya Joshi,Mumbai,West,Mouse,Accessories,3,1020.98,3062.95,14293.78,Completed,Present,Nov-2025,11,0.21428551439857055,-11230.830000000002
ORD11101,2026-02-05,EMP013,Arjun Nair,Bengaluru,South,Laptop,Electronics,5,49653.29,248266.43,546186.14,Completed,Present,Feb-2026,2,0.45454545953875725,-297919.71
ORD11102,2025-07-22,EMP012,Kavita Mehta,Jaipur,North,SSD,Electronics,7,6657.39,46601.72,113175.6,Completed,Present,Jul-2025,7,0.41176472667253367,-66573.88
ORD11103,2025-09-28,EMP004,Priya Joshi,Mumbai,West,Laptop,Electronics,4,49698.15,198792.61,844868.61,Completed,Present,Sep-2025,9,0.2352941127733459,-646076.0
ORD11104,2026-01-16,EMP012,Kavita Mehta,Jaipur,North,Laptop,Electronics,3,51671.47,155014.41,516714.69,Completed,Present,Jan-2026,1,0.30000000580591196,-361700.28
ORD11105,2025-10-06,EMP004,Priya Joshi,Mumbai,West,Laptop,Electronics,6,53853.79,323122.74,430830.33,Completed,Present,Oct-2025,10,0.7499999825917548,-107707.59000000003
ORD11106,2026-03-07,EMP009,Karan Singh,Delhi,North,Office Chair,Furniture,4,8645.77,34583.07,103749.2,Pending,Present,Mar-2026,3,0.33333336546209513,-69166.13
ORD11107,2026-01-19,EMP011,Manish Kumar,Jaipur,North,Router,Networking,5,5183.05,25915.27,51830.54,Completed,Present,Jan-2026,1,0.5,-25915.27
ORD11108,2025-08-25,EMP014,Divya Rao,Bengaluru,South,Laptop,Electronics,6,50237.72,301426.32,803803.51,Completed,Leave,Aug-2025,8,0.37500000466531924,-502377.19
ORD11109,2026-03-19,EMP013,Arjun Nair,Bengaluru,South,Headset,Accessories,1,2310.43,2310.43,23104.34,Completed,Present,Mar-2026,3,0.09999982687235384,-20793.91
ORD11110,2026-01-10,EMP005,Rohan Kulkarni,Nashik,West,Headset,Accessories,7,2324.84,16273.85,37197.37,Completed,Present,Jan-2026,1,0.43750001680226314,-20923.520000000004
ORD11111,2025-05-22,EMP010,Anjali Verma,Delhi,North,Desk,Furniture,2,12474.41,24948.82,124744.12,Completed,Present,May-2025,5,0.19999996793436037,-99795.29999999999
ORD11112,2025-06-26,EMP013,Arjun Nair,Bengaluru,South,Laptop,Electronics,2,50739.59,101479.18,608875.1,Pending,Leave,Jun-2025,6,0.16666666119209014,-507395.92
ORD11113,2026-02-21,EMP013,Arjun Nair,Bengaluru,South,Office Chair,Furniture,6,8065.71,48394.28,120985.69,Completed,Present,Feb-2026,2,0.40000003306176124,-72591.41
ORD11114,2025-07-22,EMP008,Pooja Shinde,Aurangabad,Central,Mouse,Accessories,4,997.42,3989.7,7979.4,Completed,Present,Jul-2025,7,0.5,-3989.7
ORD11115,2025-07-31,EMP001,Amit Sharma,Pune,West,Mouse,Accessories,7,910.91,6376.35,15485.42,Completed,Present,Jul-2025,7,0.41176474386874884,-9109.07
ORD11116,2025-04-16,EMP013,Arjun Nair,Bengaluru,South,Office Chair,Furniture,7,8827.55,61792.87,79447.97,Pending,Present,Apr-2025,4,0.7777778337193512,-17655.1
ORD11117,2025-04-12,EMP001,Amit Sharma,Pune,West,SSD,Electronics,1,5915.97,5915.97,59159.67,Completed,Present,Apr-2025,4,0.10000005071022203,-53243.7
ORD11118,2025-04-16,EMP018,Isha Patel,Ahmedabad,West,Keyboard,Accessories,2,1809.66,3619.32,27144.92,Pending,Present,Apr-2025,4,0.1333332350951854,-23525.6
ORD11119,2025-07-21,EMP015,Sanjay Iyer,Chennai,South,Headset,Accessories,3,2160.64,6481.92,25927.67,Completed,Present,Jul-2025,7,0.250000096422085,-19445.75
ORD11120,2026-01-23,EMP005,Rohan Kulkarni,Nashik,West,Router,Networking,1,4485.78,4485.78,40372.01,Completed,Present,Jan-2026,1,0.11111113863292908,-35886.23
ORD11121,2025-11-19,EMP010,Anjali Verma,Delhi,North,Headset,Accessories,1,2288.69,2288.69,29753.03,Pending,Present,Nov-2025,11,0.07692292179989736,-27464.34
ORD11122,2025-06-26,EMP018,Isha Patel,Ahmedabad,West,SSD,Electronics,4,6851.04,27404.16,54808.31,Completed,Present,Jun-2025,6,0.500000091227042,-27404.149999999998
ORD11123,2025-09-20,EMP004,Priya Joshi,Mumbai,West,Headset,Accessories,2,2305.33,4610.66,23053.28,Completed,Present,Sep-2025,9,0.20000017351110125,-18442.62
ORD11124,2025-05-01,EMP012,Kavita Mehta,Jaipur,North,Desk,Furniture,1,13096.44,13096.44,170253.77,Completed,WFH,May-2025,5,0.07692305433236515,-157157.33
ORD11125,2025-10-01,EMP014,Divya Rao,Bengaluru,South,Laptop,Electronics,2,49589.65,99179.3,545486.13,Completed,Present,Oct-2025,10,0.1818181884844625,-446306.83
ORD11126,2026-03-02,EMP001,Amit Sharma,Pune,West,Keyboard,Accessories,5,1853.31,9266.56,29653.01,Completed,Present,Mar-2026,3,0.3124998103059352,-20386.449999999997
ORD11127,2026-01-26,EMP008,Pooja Shinde,Aurangabad,Central,Monitor,Electronics,5,14412.06,72060.3,115296.48,Completed,WFH,Jan-2026,1,0.625,-43236.17999999999
ORD11128,2025-04-05,EMP016,Meera Krishnan,Chennai,South,Monitor,Electronics,1,13356.82,13356.82,133568.24,Completed,Present,Apr-2025,4,0.09999997005276105,-120211.41999999998
ORD11129,2025-04-25,EMP005,Rohan Kulkarni,Nashik,West,Office Chair,Furniture,3,7920.32,23760.97,95043.89,Completed,Leave,Apr-2025,4,0.24999997369636281,-71282.92
ORD11130,2025-11-17,EMP016,Meera Krishnan,Chennai,South,Headset,Accessories,1,2063.64,2063.64,24763.66,Completed,Leave,Nov-2025,11,0.0833334006362549,-22700.02
ORD11131,2025-05-08,EMP016,Meera Krishnan,Chennai,South,Mouse,Accessories,5,909.81,4549.06,7278.49,Pending,WFH,May-2025,5,0.6250005152167551,-2729.4299999999994
ORD11132,2025-12-25,EMP008,Pooja Shinde,Aurangabad,Central,Desk,Furniture,5,11457.61,57288.03,114576.05,Completed,Present,Dec-2025,12,0.5000000436391375,-57288.020000000004
ORD11133,2025-05-20,EMP012,Kavita Mehta,Jaipur,North,Router,Networking,1,4670.88,4670.88,65392.31,Completed,Present,May-2025,5,0.07142858235165572,-60721.43
ORD11134,2025-05-26,EMP002,Neha Patil,Pune,West,Keyboard,Accessories,5,1836.22,9181.11,25707.1,Pending,Present,May-2025,5,0.35714296828502634,-16525.989999999998
ORD11135,2025-05-24,EMP010,Anjali Verma,Delhi,North,Router,Networking,5,4607.44,23037.22,41467.0,Completed,Present,May-2025,5,0.5555555019654184,-18429.78
ORD11136,2025-06-25,EMP017,Nikhil Shah,Ahmedabad,West,Office Chair,Furniture,6,7956.24,47737.42,127299.78,Completed,Present,Jun-2025,6,0.3750000196386828,-79562.36
ORD11137,2025-09-25,EMP011,Manish Kumar,Jaipur,North,Desk,Furniture,3,13067.86,39203.58,143746.47,Completed,Present,Sep-2025,9,0.2727272537544748,-104542.89
ORD11138,2025-05-11,EMP007,Vikas Pawar,Nagpur,Central,Office Chair,Furniture,7,8840.15,61881.07,70721.22,Completed,Present,May-2025,5,0.8750000353500689,-8840.150000000001
ORD11139,2025-10-25,EMP002,Neha Patil,Pune,West,SSD,Electronics,5,6250.53,31252.65,93757.96,Completed,Present,Oct-2025,10,0.3333332977807964,-62505.310000000005
ORD11140,2025-09-01,EMP010,Anjali Verma,Delhi,North,Laptop,Electronics,5,49529.26,247646.32,396234.12,Completed,WFH,Sep-2025,9,0.6249999873811978,-148587.8
ORD11141,2025-11-14,EMP003,Rahul Deshmukh,Mumbai,West,Desk,Furniture,3,11460.73,34382.19,160450.21,Completed,Present,Nov-2025,11,0.2142857276409922,-126068.01999999999
ORD11142,2026-02-10,EMP006,Sneha More,Nagpur,Central,Desk,Furniture,1,12531.42,12531.42,200502.77,Completed,Leave,Feb-2026,2,0.062499984414180414,-187971.34999999998
ORD11143,2026-01-24,EMP015,Sanjay Iyer,Chennai,South,Laptop,Electronics,1,51123.62,51123.62,869101.54,Pending,Present,Jan-2026,1,0.058823529411764705,-817977.92
ORD11144,2025-06-16,EMP001,Amit Sharma,Pune,West,Printer,Office Equipment,5,11325.48,56627.39,158556.69,Completed,Present,Jun-2025,6,0.35714286164778036,-101929.3
ORD11145,2026-03-05,EMP015,Sanjay Iyer,Chennai,South,Headset,Accessories,4,2169.89,8679.56,34718.23,Completed,Present,Mar-2026,3,0.2500000720082792,-26038.670000000006
ORD11146,2026-02-10,EMP014,Divya Rao,Bengaluru,South,Headset,Accessories,2,2008.66,4017.32,24103.93,Completed,Present,Feb-2026,2,0.16666659752164897,-20086.61
ORD11147,2026-03-31,EMP013,Arjun Nair,Bengaluru,South,Keyboard,Accessories,2,1751.99,3503.98,14015.93,Completed,Present,Mar-2026,3,0.24999982163152926,-10511.95
ORD11148,2025-05-10,EMP006,Sneha More,Nagpur,Central,Office Chair,Furniture,3,8732.53,26197.59,87325.29,Completed,Present,May-2025,5,0.30000003435430905,-61127.7
ORD11149,2026-02-18,EMP011,Manish Kumar,Jaipur,North,Desk,Furniture,1,13072.82,13072.82,169946.6,Completed,Present,Feb-2026,2,0.07692310408092895,-156873.78
ORD11150,2025-04-28,EMP008,Pooja Shinde,Aurangabad,Central,Desk,Furniture,4,11618.85,46475.39,197520.39,Completed,WFH,Apr-2025,4,0.23529413849375244,-151045.0
ORD11151,2026-01-06,EMP012,Kavita Mehta,Jaipur,North,Monitor,Electronics,2,14778.79,29557.58,236460.65,Completed,Present,Jan-2026,1,0.12499999471370819,-206903.07
ORD11152,2025-12-11,EMP006,Sneha More,Nagpur,Central,Laptop,Electronics,2,53804.79,0.0,699462.3,Cancelled,Present,Dec-2025,12,0.0,-699462.3
ORD11153,2026-03-04,EMP016,Meera Krishnan,Chennai,South,Desk,Furniture,5,12130.96,0.0,194095.34,Cancelled,Present,Mar-2026,3,0.0,-194095.34
ORD11154,2025-05-25,EMP013,Arjun Nair,Bengaluru,South,Office Chair,Furniture,6,8369.07,50214.4,108797.87,Completed,Present,May-2025,5,0.4615384473979132,-58583.469999999994
ORD11155,2025-12-06,EMP003,Rahul Deshmukh,Mumbai,West,Office Chair,Furniture,2,8171.8,16343.61,114405.25,Completed,Present,Dec-2025,12,0.14285716783102176,-98061.64
ORD11156,2025-08-16,EMP002,Neha Patil,Pune,West,Headset,Accessories,4,2328.16,9312.66,34922.47,Completed,Present,Aug-2025,8,0.2666667048464785,-25609.81
ORD11157,2026-01-27,EMP013,Arjun Nair,Bengaluru,South,Printer,Office Equipment,1,12131.93,12131.93,97055.42,Completed,Present,Jan-2026,1,0.12500002575847902,-84923.48999999999
ORD11158,2026-02-02,EMP009,Karan Singh,Delhi,North,Keyboard,Accessories,4,1923.54,7694.16,26929.57,Completed,Present,Feb-2026,2,0.2857141796174243,-19235.41
ORD11159,2025-08-22,EMP005,Rohan Kulkarni,Nashik,West,Router,Networking,2,4592.35,9184.69,55108.17,Completed,Present,Aug-2025,8,0.16666657593601822,-45923.479999999996
ORD11160,2026-01-11,EMP018,Isha Patel,Ahmedabad,West,Keyboard,Accessories,2,1692.28,3384.56,13538.25,Completed,Present,Jan-2026,1,0.24999981533802373,-10153.69
ORD11161,2025-11-03,EMP005,Rohan Kulkarni,Nashik,West,Monitor,Electronics,1,14755.09,14755.09,132795.77,Completed,Present,Nov-2025,11,0.1111111445793793,-118040.68
ORD11162,2026-03-28,EMP003,Rahul Deshmukh,Mumbai,West,Keyboard,Accessories,3,1728.85,5186.54,27661.54,Completed,Present,Mar-2026,3,0.18750004518909646,-22475.0
ORD11163,2025-06-23,EMP018,Isha Patel,Ahmedabad,West,Mouse,Accessories,6,1004.89,6029.35,8039.13,Completed,Leave,Jun-2025,6,0.7500003109789244,-2009.7799999999997
ORD11164,2026-02-14,EMP017,Nikhil Shah,Ahmedabad,West,Router,Networking,6,4524.39,27146.37,45243.95,Completed,Present,Feb-2026,2,0.6,-18097.579999999998
ORD11165,2025-10-22,EMP016,Meera Krishnan,Chennai,South,Monitor,Electronics,7,15432.38,108026.63,246918.0,Completed,Present,Oct-2025,10,0.4375000202496376,-138891.37
ORD11166,2025-12-27,EMP008,Pooja Shinde,Aurangabad,Central,Keyboard,Accessories,3,1663.82,4991.45,28284.91,Completed,Present,Dec-2025,12,0.17647042186098524,-23293.46
ORD11167,2026-03-27,EMP011,Manish Kumar,Jaipur,North,Office Chair,Furniture,2,8093.52,16187.03,137589.8,Completed,Present,Mar-2026,3,0.11764702034598497,-121402.76999999999
ORD11168,2025-08-12,EMP012,Kavita Mehta,Jaipur,North,SSD,Electronics,2,6254.62,12509.24,100073.91,Completed,Present,Aug-2025,8,0.12500001249076806,-87564.67
ORD11169,2025-08-13,EMP009,Karan Singh,Delhi,North,Desk,Furniture,3,12624.44,37873.31,113619.92,Completed,Present,Aug-2025,8,0.3333333626709119,-75746.61
ORD11170,2025-11-30,EMP006,Sneha More,Nagpur,Central,Headset,Accessories,2,2161.06,4322.13,17288.51,Completed,Present,Nov-2025,11,0.2500001446047115,-12966.379999999997
ORD11171,2025-10-22,EMP003,Rahul Deshmukh,Mumbai,West,Monitor,Electronics,7,14307.51,100152.55,114460.06,Completed,Present,Oct-2025,10,0.8749999781583201,-14307.509999999995
ORD11172,2025-09-20,EMP003,Rahul Deshmukh,Mumbai,West,Office Chair,Furniture,5,9153.5,45767.5,109842.01,Pending,Present,Sep-2025,9,0.41666662873339627,-64074.509999999995
ORD11173,2026-02-01,EMP013,Arjun Nair,Bengaluru,South,Laptop,Electronics,3,49697.48,149092.43,795159.6,Completed,Present,Feb-2026,2,0.1875000062880458,-646067.1699999999
ORD11174,2025-11-21,EMP006,Sneha More,Nagpur,Central,Keyboard,Accessories,7,1635.97,11451.81,13087.78,Completed,Present,Nov-2025,11,0.8750001910178807,-1635.9700000000012
ORD11175,2025-04-26,EMP013,Arjun Nair,Bengaluru,South,Mouse,Accessories,6,965.78,5794.68,12555.14,Completed,WFH,Apr-2025,4,0.46153846153846156,-6760.459999999999
ORD11176,2025-05-06,EMP003,Rahul Deshmukh,Mumbai,West,Laptop,Electronics,2,54882.28,109764.56,823234.2,Completed,Present,May-2025,5,0.13333333333333333,-713469.6399999999
ORD11177,2025-10-14,EMP013,Arjun Nair,Bengaluru,South,Desk,Furniture,7,11840.64,82884.51,165769.02,Completed,Present,Oct-2025,10,0.5,-82884.51
ORD11178,2025-10-24,EMP016,Meera Krishnan,Chennai,South,Desk,Furniture,7,12517.33,87621.28,162725.23,Pending,Present,Oct-2025,10,0.5384615526430658,-75103.95000000001
ORD11179,2025-11-22,EMP013,Arjun Nair,Bengaluru,South,SSD,Electronics,7,6626.3,46384.08,59636.68,Pending,Present,Nov-2025,11,0.7777777032524279,-13252.599999999999
ORD11180,2025-05-08,EMP003,Rahul Deshmukh,Mumbai,West,Headset,Accessories,7,2341.85,16392.96,32785.91,Completed,Present,May-2025,5,0.5000001525045362,-16392.950000000004
ORD11181,2025-10-16,EMP004,Priya Joshi,Mumbai,West,Desk,Furniture,4,13459.29,53837.15,161511.44,Completed,Present,Oct-2025,10,0.33333335397170627,-107674.29000000001
ORD11182,2025-04-29,EMP005,Rohan Kulkarni,Nashik,West,Keyboard,Accessories,5,1672.37,8361.85,28430.3,Completed,Present,Apr-2025,4,0.29411754360664505,-20068.449999999997
ORD11183,2026-02-23,EMP009,Karan Singh,Delhi,North,SSD,Electronics,5,6679.74,33398.71,80156.9,Completed,Present,Feb-2026,2,0.41666668745922064,-46758.189999999995
ORD11184,2025-04-08,EMP010,Anjali Verma,Delhi,North,Keyboard,Accessories,5,1876.67,9383.35,30026.71,Completed,Leave,Apr-2025,4,0.31250010407400614,-20643.36
ORD11185,2025-12-23,EMP002,Neha Patil,Pune,West,Monitor,Electronics,1,15558.52,15558.52,155585.19,Completed,Present,Dec-2025,12,0.10000000642734698,-140026.67
ORD11186,2025-12-05,EMP018,Isha Patel,Ahmedabad,West,Mouse,Accessories,1,978.17,978.17,16628.82,Completed,WFH,Dec-2025,12,0.05882377703288628,-15650.65
ORD11187,2025-12-05,EMP016,Meera Krishnan,Chennai,South,Mouse,Accessories,5,870.79,4353.96,7837.12,Pending,Present,Dec-2025,12,0.5555561226573027,-3483.16
ORD11188,2025-08-19,EMP004,Priya Joshi,Mumbai,West,Keyboard,Accessories,4,1839.37,7357.49,25751.21,Completed,Present,Aug-2025,8,0.28571434119018096,-18393.72
ORD11189,2025-08-16,EMP012,Kavita Mehta,Jaipur,North,Printer,Office Equipment,2,12370.21,24740.41,123702.06,Completed,Present,Aug-2025,8,0.1999999838321205,-98961.65
ORD11190,2026-03-27,EMP014,Divya Rao,Bengaluru,South,Monitor,Electronics,5,13077.85,65389.27,196167.82,Pending,Present,Mar-2026,3,0.33333331634107977,-130778.55000000002
ORD11191,2026-03-30,EMP018,Isha Patel,Ahmedabad,West,Keyboard,Accessories,2,1877.22,3754.44,30035.56,Completed,Present,Mar-2026,3,0.124999833530655,-26281.120000000003
ORD11192,2025-06-21,EMP015,Sanjay Iyer,Chennai,South,Headset,Accessories,2,2191.26,0.0,30677.6,Cancelled,Present,Jun-2025,6,0.0,-30677.6
ORD11193,2025-07-23,EMP015,Sanjay Iyer,Chennai,South,Keyboard,Accessories,4,1861.1,7444.39,22333.16,Completed,Present,Jul-2025,7,0.3333334825882231,-14888.77
ORD11194,2025-06-15,EMP012,Kavita Mehta,Jaipur,North,Laptop,Electronics,3,49947.89,149843.66,549426.76,Completed,Present,Jun-2025,6,0.27272726941803854,-399583.1
ORD11195,2026-01-20,EMP004,Priya Joshi,Mumbai,West,Mouse,Accessories,4,1017.22,0.0,12206.64,Cancelled,Present,Jan-2026,1,0.0,-12206.64
ORD11196,2025-12-19,EMP017,Nikhil Shah,Ahmedabad,West,Laptop,Electronics,4,52141.42,208565.68,469272.78,Completed,Present,Dec-2025,12,0.4444444444444444,-260707.10000000003
ORD11197,2025-06-05,EMP009,Karan Singh,Delhi,North,Headset,Accessories,2,2221.37,4442.75,37763.35,Completed,Present,Jun-2025,6,0.11764713670794567,-33320.6
ORD11198,2025-11-01,EMP017,Nikhil Shah,Ahmedabad,West,Router,Networking,2,4411.16,8822.33,48522.8,Completed,WFH,Nov-2025,11,0.18181823802418656,-39700.47
ORD11199,2025-07-04,EMP006,Sneha More,Nagpur,Central,SSD,Electronics,4,6130.46,24521.84,67435.06,Completed,WFH,Jul-2025,7,0.36363636363636365,-42913.22
ORD11200,2026-02-25,EMP003,Rahul Deshmukh,Mumbai,West,Mouse,Accessories,2,887.67,1775.34,7101.36,Completed,Present,Feb-2026,2,0.25,-5326.0199999999995
